business_name,sector,followers_count,post_date,posting_hour,day_of_week,month,post_type,caption_text,caption_length,hashtags_count,emoji_count,likes_count,comments_count,views_count,language,CTA_present,promo_post,discount_percent,mentions_location,religious_theme,patriotic_theme,arabic_dialect_style,engagement,engagement_rate,week,is_video,is_reel
Shifa Physiotherapy,Clinic,10435,2025-06-03,17,Tuesday,6,image,"Support local, shop Palestinian. #Jerusalem #Hebron #Clinic #Fitness #Beauty",76,5,4,371,31,0.0,Arabic,False,True,0.0,False,False,False,False,433.0,0.041494968854815524,2025-06-02/2025-06-08,False,False
Falafel Al-Balad,Restaurant,11524,2025-06-05,20,Thursday,6,image,Limited offer for this week. Book now ?????,43,7,3,506,49,0.0,Arabic,True,False,0.0,False,True,False,False,604.0,0.05241235682054842,2025-06-02/2025-06-08,False,False
Gaza Home Cleaning,Local Services,2776,2025-06-05,22,Thursday,6,carousel,Community vibes in Ramallah. ?????,34,5,3,105,7,0.0,Arabic,False,False,0.0,True,False,False,False,119.0,0.042867435158501443,2025-06-02/2025-06-08,False,False
Gaza Sea Breeze Cafe,Cafe,14649,2025-06-06,21,Friday,6,reel,Customer favorite is back. Visit us today | ahlan ya shabab ?? #Fitness #Jerusalem #Clinic #Gaza #SmallBusiness,111,5,1,520,39,14501.0,Arabic,True,True,4.0,False,False,False,True,2048.1000000000004,0.13981159123489661,2025-06-02/2025-06-08,False,True
Cafe Al-Quds,Cafe,12976,2025-06-07,3,Saturday,6,carousel,"Support local, shop Palestinian. Order on WhatsApp | for Palestine",66,11,4,201,23,0.0,English,True,True,24.0,False,False,True,False,247.0,0.01903514180024661,2025-06-02/2025-06-08,False,False
Canaan Threads,Clothing Store,8964,2025-06-07,18,Saturday,6,reel,New arrivals just landed. | ahlan ya shabab #Clinic #Palestine #SmallBusiness #Gaza #Bookstore #Fitness,103,6,0,265,16,15247.0,Mixed,False,False,0.0,True,False,False,True,1821.7,0.2032240071396698,2025-06-02/2025-06-08,False,True
Falafel Al-Balad,Restaurant,11524,2025-06-09,18,Monday,6,image,Community vibes in Nablus. ????? #Food #Nablus #Beauty #Coffee #Hebron,70,5,3,340,24,0.0,Arabic,False,False,0.0,False,False,True,False,388.0,0.03366886497743839,2025-06-09/2025-06-15,False,False
Ramallah Streetwear,Clothing Store,18359,2025-06-09,9,Monday,6,image,Behind the scenes from our team. Call for appointment #Palestine #Food #Beauty #Ramallah #Clinic #Gaza #Nablus,110,7,3,574,68,0.0,Mixed,True,True,33.0,False,False,False,False,710.0,0.03867313034479002,2025-06-09/2025-06-15,False,False
Shifa Physiotherapy,Clinic,10435,2025-06-13,18,Friday,6,image,Ramadan-style menu ideas. Tag a friend | ahlan ya shabab #Gaza #Beauty #Palestine #Hebron #Jerusalem #Bookstore #Ramallah #SupportLocal,135,8,2,220,21,0.0,Arabic,True,False,0.0,True,False,False,True,262.0,0.025107810253953044,2025-06-09/2025-06-15,False,False
Gaza Power House,Gym,1688,2025-06-16,15,Monday,6,reel,New arrivals just landed.,25,5,0,22,0,338.0,English,False,False,0.0,True,False,False,False,55.800000000000004,0.03305687203791469,2025-06-16/2025-06-22,False,True
Kanafeh & Kunafa House,Bakery,13490,2025-06-16,19,Monday,6,image,Ramadan-style menu ideas. DM us #Fitness #Bookstore #Nablus #Palestine #Gaza,76,5,3,576,51,0.0,Arabic,True,True,62.0,False,False,False,False,678.0,0.0502594514455152,2025-06-16/2025-06-22,False,False
Ramallah Delivery Service,Local Services,3962,2025-06-17,13,Tuesday,6,image,Community vibes in Ramallah. #Hebron #Bookstore #Jerusalem #SupportLocal #Fitness #Palestine,92,6,3,99,7,0.0,Mixed,False,False,0.0,False,True,False,False,113.0,0.028520949015648663,2025-06-16/2025-06-22,False,False
Nablus Printing Studio,Local Services,3287,2025-06-19,20,Thursday,6,reel,Limited offer for this week. Tag a friend ???????? #Hebron #Jerusalem #Fitness #Nablus #Beauty #Coffee #Palestine #SupportLocal,127,8,3,99,9,7407.0,Arabic,True,True,32.0,False,False,False,True,857.7,0.2609370246425312,2025-06-16/2025-06-22,False,True
Gaza Glow Salon,Beauty Salon,6765,2025-06-19,10,Thursday,6,reel,Behind the scenes from our team. Tag a friend ??????????,56,4,6,202,19,14661.0,Mixed,True,False,0.0,True,False,False,False,1706.1000000000001,0.2521951219512195,2025-06-16/2025-06-22,False,True
Cafe Al-Quds,Cafe,12976,2025-06-20,11,Friday,6,video,Limited offer for this week. | ahlan ya shabab | baraka,55,4,2,502,29,13926.0,Mixed,False,False,0.0,True,True,False,True,1952.6000000000001,0.1504778051787916,2025-06-16/2025-06-22,True,False
Nablus Sweet Oven,Bakery,10928,2025-06-21,19,Saturday,6,carousel,New arrivals just landed. Call for appointment ??,49,7,1,345,36,0.0,Mixed,True,False,0.0,False,False,False,True,417.0,0.0381588579795022,2025-06-16/2025-06-22,False,False
Ramallah Streetwear,Clothing Store,18359,2025-06-22,13,Sunday,6,image,Behind the scenes from our team. | ahlan ya shabab ? #Fitness #Coffee #Jerusalem #Ramallah #Palestine,101,5,1,888,47,0.0,Mixed,False,False,0.0,True,False,False,True,982.0,0.05348875211068141,2025-06-16/2025-06-22,False,False
Nablus Stationery & Books,Bookstore,753,2025-06-23,13,Monday,6,image,Ramadan-style menu ideas. | for Palestine ??????? #Jerusalem #Gaza,66,2,4,11,0,0.0,Arabic,False,True,15.0,False,False,True,True,11.0,0.014608233731739707,2025-06-23/2025-06-29,False,False
Ramallah Delivery Service,Local Services,3962,2025-06-23,9,Monday,6,image,Fresh and ready today. Order on WhatsApp | baraka #Coffee #Clinic #Nablus #Beauty #SmallBusiness,96,5,4,95,6,0.0,English,True,False,0.0,False,True,False,False,107.0,0.02700656234225139,2025-06-23/2025-06-29,False,False
Ramallah Roastery,Cafe,4324,2025-06-24,10,Tuesday,6,image,Customer favorite is back. Book now | baraka,44,4,2,97,10,0.0,English,True,False,0.0,True,True,False,False,117.0,0.02705827937095282,2025-06-23/2025-06-29,False,False
Gaza Glow Salon,Beauty Salon,6765,2025-06-25,8,Wednesday,6,reel,Ramadan-style menu ideas. | ahlan ya shabab | for Palestine,59,4,2,202,15,13599.0,Mixed,False,True,25.0,True,False,True,True,1591.9,0.23531411677753142,2025-06-23/2025-06-29,False,True
Nablus Skin Center,Clinic,11174,2025-06-26,13,Thursday,6,image,New arrivals just landed. #Coffee #Food #Beauty #Clinic #SmallBusiness #Gaza,76,6,0,438,31,0.0,Arabic,False,False,0.0,False,False,False,True,500.0,0.04474673348845534,2025-06-23/2025-06-29,False,False
Nablus Grill House,Restaurant,8072,2025-06-28,12,Saturday,6,carousel,Customer favorite is back. | ahlan ya shabab #Fitness #Clinic #Jerusalem,72,3,3,140,8,0.0,Mixed,False,True,13.0,False,False,False,True,156.0,0.019326065411298315,2025-06-23/2025-06-29,False,False
Nablus Sweet Oven,Bakery,10928,2025-06-29,21,Sunday,6,reel,New arrivals just landed. ?? #SupportLocal #Food #Nablus #Jerusalem,67,4,1,315,21,19800.0,Arabic,False,False,0.0,False,False,False,True,2337.0,0.21385431918008785,2025-06-23/2025-06-29,False,True
Ramallah Lash Bar,Beauty Salon,6223,2025-06-29,19,Sunday,6,image,New arrivals just landed. Share this #Nablus #Clinic #Gaza #Coffee,66,4,3,233,28,0.0,English,True,False,0.0,False,False,False,False,289.0,0.04644062349349189,2025-06-23/2025-06-29,False,False
Shifa Physiotherapy,Clinic,10435,2025-06-29,13,Sunday,6,image,"Support local, shop Palestinian. Visit us today | for Palestine ??????",70,0,3,329,35,0.0,Arabic,True,False,0.0,False,False,True,False,399.0,0.038236703402012455,2025-06-23/2025-06-29,False,False
Ramallah Lash Bar,Beauty Salon,6223,2025-07-01,20,Tuesday,7,video,Ramadan-style menu ideas. #SupportLocal #SmallBusiness #Beauty #Clinic #Bookstore,81,5,4,179,8,11022.0,Mixed,False,True,15.0,False,False,True,False,1297.2,0.2084525148642134,2025-06-30/2025-07-06,True,False
Ramallah Fit Hub,Gym,1720,2025-07-03,17,Thursday,7,reel,"Support local, shop Palestinian. Visit us today",47,9,4,54,8,3525.0,Arabic,True,False,0.0,False,False,False,False,422.5,0.24563953488372092,2025-06-30/2025-07-06,False,True
Gaza Glow Salon,Beauty Salon,6765,2025-07-04,10,Friday,7,image,Community vibes in Gaza.,24,5,2,285,16,0.0,Mixed,False,False,0.0,False,False,False,False,317.0,0.046858832224685884,2025-06-30/2025-07-06,False,False
Ramallah Roastery,Cafe,4324,2025-07-05,8,Saturday,7,image,Behind the scenes from our team.,32,2,3,151,8,0.0,Arabic,False,False,0.0,False,False,False,False,167.0,0.038621646623496764,2025-06-30/2025-07-06,False,False
Kanafeh & Kunafa House,Bakery,13490,2025-07-05,17,Saturday,7,image,Fresh and ready today. Book now | ahlan ya shabab #Gaza #Bookstore #SmallBusiness #Jerusalem #SupportLocal #Clinic,114,6,0,198,24,0.0,Arabic,True,False,0.0,True,False,False,True,246.0,0.018235730170496664,2025-06-30/2025-07-06,False,False
Taste of Hebron,Restaurant,12512,2025-07-05,21,Saturday,7,image,Limited offer for this week. | ahlan ya shabab ??????????? #Fitness #Clinic #Coffee #Gaza #Ramallah,99,5,5,375,19,0.0,Mixed,False,False,0.0,True,True,False,True,413.0,0.03300831202046036,2025-06-30/2025-07-06,False,False
Ramallah Family Clinic,Clinic,2924,2025-07-06,9,Sunday,7,carousel,Customer favorite is back.,26,5,3,124,8,0.0,Arabic,False,False,0.0,False,False,False,False,140.0,0.047879616963064295,2025-06-30/2025-07-06,False,False
Nablus Sweet Oven,Bakery,10928,2025-07-07,7,Monday,7,image,"Support local, shop Palestinian. #Palestine",43,1,1,342,15,0.0,Arabic,False,False,0.0,True,False,False,False,372.0,0.03404099560761347,2025-07-07/2025-07-13,False,False
Ramallah Family Clinic,Clinic,2924,2025-07-09,19,Wednesday,7,video,Behind the scenes from our team. ????????,41,7,4,93,10,734.0,Arabic,False,False,0.0,False,False,False,False,186.4,0.06374829001367989,2025-07-07/2025-07-13,True,False
Strong Roots Gym,Gym,8112,2025-07-09,20,Wednesday,7,reel,Ramadan-style menu ideas. ??? #SupportLocal #Food #Jerusalem #Coffee #Ramallah #Hebron #Bookstore,97,7,2,220,13,14021.0,Arabic,False,False,0.0,False,False,False,False,1648.1000000000001,0.2031681459566075,2025-07-07/2025-07-13,False,True
Cafe Al-Quds,Cafe,12976,2025-07-11,8,Friday,7,carousel,"Support local, shop Palestinian. | ahlan ya shabab ????????",59,2,4,297,18,0.0,Arabic,False,False,0.0,True,False,False,True,333.0,0.02566276202219482,2025-07-07/2025-07-13,False,False
Laila Hair & Nails,Beauty Salon,2528,2025-07-12,20,Saturday,7,carousel,Community vibes in Bethlehem. #Clinic #Palestine #Beauty #Coffee #Ramallah #Food #Jerusalem,91,7,0,70,3,0.0,Arabic,False,False,0.0,True,False,True,True,76.0,0.030063291139240507,2025-07-07/2025-07-13,False,False
Laila Hair & Nails,Beauty Salon,2528,2025-07-14,10,Monday,7,carousel,Community vibes in Jerusalem. | ahlan ya shabab,47,8,3,119,5,0.0,Mixed,False,False,0.0,True,False,False,True,129.0,0.05102848101265823,2025-07-14/2025-07-20,False,False
Gaza Sea Breeze Cafe,Cafe,14649,2025-07-15,13,Tuesday,7,image,Community vibes in Bethlehem. | ahlan ya shabab ??????,54,4,2,601,34,0.0,Arabic,False,False,0.0,False,False,True,True,669.0,0.04566864632398116,2025-07-14/2025-07-20,False,False
Ramallah Readers,Bookstore,5527,2025-07-16,15,Wednesday,7,image,Community vibes in Jerusalem. #Beauty #Ramallah #Fitness #SmallBusiness,71,4,0,170,8,0.0,English,False,False,0.0,True,False,False,True,186.0,0.033652976298172606,2025-07-14/2025-07-20,False,False
Sama Beauty Studio,Beauty Salon,5497,2025-07-16,9,Wednesday,7,reel,Behind the scenes from our team. Call for appointment #Hebron #Food,67,2,0,214,16,4612.0,Arabic,True,False,0.0,True,False,False,False,707.2,0.12865199199563399,2025-07-14/2025-07-20,False,True
Nablus Grill House,Restaurant,8072,2025-07-18,18,Friday,7,carousel,Ramadan-style menu ideas. Call for appointment,46,9,3,347,41,0.0,Arabic,True,False,0.0,False,False,False,False,429.0,0.053146679881070365,2025-07-14/2025-07-20,False,False
Al-Amal Dental Clinic,Clinic,3179,2025-07-18,14,Friday,7,image,Limited offer for this week. | ahlan ya shabab ???,50,5,2,88,6,0.0,Mixed,False,False,0.0,False,False,False,True,100.0,0.031456432840515886,2025-07-14/2025-07-20,False,False
Nablus Iron Club,Gym,2735,2025-07-19,4,Saturday,7,image,Limited offer for this week. #Palestine #Hebron #Gaza #Beauty,61,4,3,74,7,0.0,Arabic,False,False,0.0,True,False,False,False,88.0,0.03217550274223035,2025-07-14/2025-07-20,False,False
Al-Quds Phone Repair,Local Services,1807,2025-07-19,10,Saturday,7,carousel,Ramadan-style menu ideas.,25,4,0,55,1,0.0,Mixed,False,False,0.0,True,False,False,False,57.0,0.03154399557277255,2025-07-14/2025-07-20,False,False
Laila Hair & Nails,Beauty Salon,2528,2025-07-19,19,Saturday,7,image,New arrivals just landed. | ahlan ya shabab #Nablus #SmallBusiness #Beauty #Clinic #Bookstore,93,5,3,79,6,0.0,Mixed,False,False,0.0,True,False,False,True,91.0,0.03599683544303797,2025-07-14/2025-07-20,False,False
Ramallah Family Clinic,Clinic,2924,2025-07-22,12,Tuesday,7,carousel,"Support local, shop Palestinian. ??",35,7,1,101,6,0.0,Mixed,False,False,0.0,True,False,False,False,113.0,0.03864569083447333,2025-07-21/2025-07-27,False,False
Ramallah Readers,Bookstore,5527,2025-07-22,9,Tuesday,7,reel,New arrivals just landed. Call for appointment ?? #SmallBusiness,64,1,1,243,24,13652.0,Arabic,True,True,16.0,True,False,False,True,1656.2,0.29965623303781436,2025-07-21/2025-07-27,False,True
Gaza Power House,Gym,1688,2025-07-22,17,Tuesday,7,reel,Customer favorite is back. Call for appointment ???????,55,6,4,68,7,1577.0,Arabic,True,True,11.0,True,False,False,False,239.70000000000002,0.14200236966824645,2025-07-21/2025-07-27,False,True
Taste of Hebron,Restaurant,12512,2025-07-25,9,Friday,7,carousel,Behind the scenes from our team. | ahlan ya shabab #SupportLocal #Jerusalem #SmallBusiness #Clinic #Hebron #Bookstore,117,6,3,448,21,0.0,Arabic,False,False,0.0,False,False,False,True,490.0,0.03916240409207161,2025-07-21/2025-07-27,False,False
Jerusalem Saj Bakery,Bakery,5611,2025-07-27,13,Sunday,7,reel,Fresh and ready today. Order on WhatsApp | baraka #Nablus #Ramallah,67,2,2,148,14,4283.0,Arabic,True,True,27.0,False,True,False,False,604.3,0.10769916235965067,2025-07-21/2025-07-27,False,True
Ramallah Family Clinic,Clinic,2924,2025-07-28,10,Monday,7,image,Community vibes in Hebron. Share this ??????,44,5,4,59,8,0.0,Mixed,True,False,0.0,False,False,False,True,75.0,0.025649794801641587,2025-07-28/2025-08-03,False,False
Ramallah Roastery,Cafe,4324,2025-07-28,15,Monday,7,carousel,Behind the scenes from our team. Share this | ahlan ya shabab,61,4,3,178,14,0.0,Arabic,True,False,0.0,False,True,False,True,206.0,0.04764107308048104,2025-07-28/2025-08-03,False,False
Ramallah Delivery Service,Local Services,3962,2025-07-29,14,Tuesday,7,carousel,"Support local, shop Palestinian. Order on WhatsApp ?????? #Fitness #Ramallah #Gaza #Jerusalem #Nablus #Hebron #SmallBusiness #SupportLocal",138,12,3,146,10,0.0,Arabic,True,False,0.0,False,True,False,False,166.0,0.041898031297324584,2025-07-28/2025-08-03,False,False
Jerusalem Saj Bakery,Bakery,5611,2025-07-30,9,Wednesday,7,carousel,Community vibes in Bethlehem. Book now ?????????? #Coffee #Clinic #Jerusalem #Fitness #Beauty #Hebron,101,6,4,222,21,0.0,Arabic,True,False,0.0,True,False,False,True,264.0,0.04705043664230975,2025-07-28/2025-08-03,False,False
Gaza Book Nook,Bookstore,2978,2025-07-30,20,Wednesday,7,carousel,Customer favorite is back. ????????? #Food #Clinic #Palestine #Gaza #SupportLocal,81,5,4,82,6,0.0,Arabic,False,False,0.0,False,False,False,False,94.0,0.0315648085963734,2025-07-28/2025-08-03,False,False
Gaza Glow Salon,Beauty Salon,6765,2025-07-31,10,Thursday,7,image,Ramadan-style menu ideas. #Gaza #Ramallah,41,2,4,162,7,0.0,Arabic,False,False,0.0,False,False,False,False,176.0,0.026016260162601626,2025-07-28/2025-08-03,False,False
Sama Beauty Studio,Beauty Salon,5497,2025-07-31,12,Thursday,7,image,Behind the scenes from our team. Tag a friend,45,2,1,152,14,0.0,English,True,False,0.0,True,False,False,False,180.0,0.03274513370929598,2025-07-28/2025-08-03,False,False
Al-Karmel Boutique,Clothing Store,9423,2025-07-31,10,Thursday,7,image,Behind the scenes from our team. Book now,41,4,0,240,28,0.0,English,True,False,0.0,False,False,False,False,296.0,0.03141250132654144,2025-07-28/2025-08-03,False,False
Ramallah Readers,Bookstore,5527,2025-08-01,22,Friday,8,image,Customer favorite is back. | ahlan ya shabab #Jerusalem #Hebron #Ramallah #Fitness #Beauty #Palestine #SmallBusiness,116,7,2,186,12,0.0,Arabic,False,False,0.0,True,False,False,True,210.0,0.03799529582051746,2025-07-28/2025-08-03,False,False
Olive Branch Books,Bookstore,4379,2025-08-03,18,Sunday,8,reel,New arrivals just landed. | ahlan ya shabab,43,6,3,107,11,11585.0,Mixed,False,False,0.0,True,True,False,True,1287.5,0.29401689883535054,2025-07-28/2025-08-03,False,True
Nablus Skin Center,Clinic,11174,2025-08-06,17,Wednesday,8,carousel,Limited offer for this week. ?,30,6,1,265,10,0.0,Mixed,False,False,0.0,True,False,False,False,285.0,0.025505638088419547,2025-08-04/2025-08-10,False,False
Laila Hair & Nails,Beauty Salon,2528,2025-08-08,8,Friday,8,image,"Support local, shop Palestinian. | ahlan ya shabab ??????????",61,6,6,93,7,0.0,Arabic,False,False,0.0,False,False,False,True,107.0,0.042325949367088604,2025-08-04/2025-08-10,False,False
Ramallah Fit Hub,Gym,1720,2025-08-10,3,Sunday,8,reel,Ramadan-style menu ideas. #Coffee #Clinic #Nablus #SupportLocal,63,4,2,53,4,344.0,English,False,False,0.0,False,False,False,False,95.4,0.05546511627906977,2025-08-04/2025-08-10,False,True
Ramallah Lash Bar,Beauty Salon,6223,2025-08-11,18,Monday,8,reel,Customer favorite is back. Tag a friend,39,5,3,220,25,1245.0,English,True,False,0.0,True,False,False,False,394.5,0.06339386148160052,2025-08-11/2025-08-17,False,True
Ramallah Family Clinic,Clinic,2924,2025-08-11,22,Monday,8,image,New arrivals just landed. | for Palestine #SupportLocal #Hebron #Food,69,3,3,77,7,0.0,Mixed,False,False,0.0,False,False,True,False,91.0,0.03112175102599179,2025-08-11/2025-08-17,False,False
Nablus Iron Club,Gym,2735,2025-08-12,12,Tuesday,8,carousel,"Support local, shop Palestinian. #SupportLocal",46,1,3,73,3,0.0,Arabic,False,False,0.0,False,False,False,True,79.0,0.028884826325411336,2025-08-11/2025-08-17,False,False
Ramallah Readers,Bookstore,5527,2025-08-13,15,Wednesday,8,image,Behind the scenes from our team. Call for appointment | ahlan ya shabab ??????????,82,6,4,221,24,0.0,Arabic,True,False,0.0,True,True,False,True,269.0,0.04867016464628189,2025-08-11/2025-08-17,False,False
Falafel Al-Balad,Restaurant,11524,2025-08-13,12,Wednesday,8,video,Behind the scenes from our team. Visit us today ??? #Bookstore #Nablus #Hebron #Palestine #SmallBusiness,104,5,2,233,20,20382.0,Arabic,True,False,0.0,False,False,True,False,2311.2,0.20055536272127733,2025-08-11/2025-08-17,True,False
Ramallah Fit Hub,Gym,1720,2025-08-13,21,Wednesday,8,reel,Ramadan-style menu ideas. Order on WhatsApp | ahlan ya shabab #Ramallah #Hebron #Coffee #Beauty #Fitness,104,5,3,55,7,2650.0,Arabic,True,False,0.0,False,False,False,True,334.0,0.1941860465116279,2025-08-11/2025-08-17,False,True
Gaza Home Cleaning,Local Services,2776,2025-08-14,19,Thursday,8,reel,Limited offer for this week.,28,6,0,68,4,1157.0,Mixed,False,False,0.0,False,False,False,True,191.7,0.06905619596541786,2025-08-11/2025-08-17,False,True
Al-Karmel Boutique,Clothing Store,9423,2025-08-15,8,Friday,8,reel,Ramadan-style menu ideas. #SupportLocal #Hebron #Gaza #Beauty,61,4,3,193,15,7283.0,Arabic,False,True,21.0,False,False,False,True,951.3000000000001,0.10095510983763134,2025-08-11/2025-08-17,False,True
Nablus Sweet Oven,Bakery,10928,2025-08-15,22,Friday,8,image,Ramadan-style menu ideas. Tag a friend #SmallBusiness #Coffee #Palestine #Jerusalem,83,4,5,431,53,0.0,Arabic,True,False,0.0,False,False,True,False,537.0,0.0491398243045388,2025-08-11/2025-08-17,False,False
Strong Roots Gym,Gym,8112,2025-08-16,19,Saturday,8,carousel,Limited offer for this week. ? #Bookstore #SmallBusiness #Food #Hebron #Nablus #Palestine #Coffee,97,7,1,225,19,0.0,Mixed,False,False,0.0,False,False,False,False,263.0,0.03242110453648915,2025-08-11/2025-08-17,False,False
Ramallah Fit Hub,Gym,1720,2025-08-16,19,Saturday,8,reel,Ramadan-style menu ideas. Tag a friend | ahlan ya shabab #Food #Nablus #Beauty #Ramallah #Clinic #Hebron #Gaza #Coffee,118,8,3,72,4,4191.0,Arabic,True,False,0.0,False,False,False,True,499.1,0.29017441860465115,2025-08-11/2025-08-17,False,True
Al-Quds Phone Repair,Local Services,1807,2025-08-21,17,Thursday,8,image,Limited offer for this week. Visit us today ???????? #Hebron #SupportLocal #Jerusalem #Nablus,93,4,5,35,1,0.0,Arabic,True,False,0.0,False,False,False,False,37.0,0.020475926950747094,2025-08-18/2025-08-24,False,False
Nablus Iron Club,Gym,2735,2025-08-23,10,Saturday,8,image,Ramadan-style menu ideas. Book now ????????,43,7,4,53,5,0.0,English,True,False,0.0,False,False,False,False,63.0,0.02303473491773309,2025-08-18/2025-08-24,False,False
Nablus Skin Center,Clinic,11174,2025-08-24,22,Sunday,8,image,"Support local, shop Palestinian. Share this #Clinic #Palestine #Fitness #Beauty #Nablus #Bookstore",98,6,1,292,29,0.0,English,True,False,0.0,True,False,False,False,350.0,0.03132271344191874,2025-08-18/2025-08-24,False,False
Gaza Sea Breeze Cafe,Cafe,14649,2025-08-25,13,Monday,8,reel,"Support local, shop Palestinian. ??????",39,3,2,357,24,15478.0,Arabic,False,False,0.0,False,False,False,False,1952.8000000000002,0.13330602771520242,2025-08-25/2025-08-31,False,True
Nablus Stationery & Books,Bookstore,753,2025-08-25,3,Monday,8,carousel,Behind the scenes from our team. Visit us today | ahlan ya shabab ?????????,75,2,5,18,2,0.0,English,True,False,0.0,True,False,True,True,22.0,0.029216467463479414,2025-08-25/2025-08-31,False,False
Ramallah Delivery Service,Local Services,3962,2025-08-26,21,Tuesday,8,image,"Support local, shop Palestinian. #Palestine #Beauty #Nablus #Coffee #Jerusalem #Ramallah #SupportLocal",102,7,2,123,9,0.0,Arabic,False,True,24.0,False,False,False,True,141.0,0.03558808682483594,2025-08-25/2025-08-31,False,False
Al-Quds Phone Repair,Local Services,1807,2025-08-26,20,Tuesday,8,image,Limited offer for this week. #Jerusalem #Clinic #Fitness,56,3,2,42,5,0.0,Arabic,False,False,0.0,False,False,False,True,52.0,0.02877697841726619,2025-08-25/2025-08-31,False,False
Jerusalem Kitchen,Restaurant,10814,2025-08-26,9,Tuesday,8,image,Limited offer for this week. #Beauty #Food #SmallBusiness #Palestine #Nablus,76,5,0,370,28,0.0,Arabic,False,False,0.0,True,False,False,False,426.0,0.0393933789532088,2025-08-25/2025-08-31,False,False
Nablus Skin Center,Clinic,11174,2025-08-27,12,Wednesday,8,reel,Behind the scenes from our team. | ahlan ya shabab ???????? #SupportLocal,73,1,7,248,14,29515.0,Arabic,False,True,28.0,False,False,False,True,3227.5,0.28884016466797924,2025-08-25/2025-08-31,False,True
Nablus Coffee Corner,Cafe,2909,2025-08-29,18,Friday,8,reel,Fresh and ready today.,22,5,2,126,5,8168.0,Arabic,False,False,0.0,False,False,False,True,952.8000000000001,0.32753523547610863,2025-08-25/2025-08-31,False,True
Nablus Sweet Oven,Bakery,10928,2025-08-31,21,Sunday,8,image,Limited offer for this week. Tag a friend | for Palestine #SmallBusiness #Beauty #Bookstore #Clinic #Hebron #SupportLocal #Palestine,132,7,0,386,29,0.0,English,True,False,0.0,False,False,True,True,444.0,0.04062957540263543,2025-08-25/2025-08-31,False,False
Nablus Coffee Corner,Cafe,2909,2025-09-02,20,Tuesday,9,carousel,Community vibes in Ramallah. | ahlan ya shabab | for Palestine #Ramallah #Coffee #Nablus #Hebron #Beauty #Food #Fitness #SupportLocal,133,8,3,93,3,0.0,Arabic,False,True,12.0,False,False,True,True,99.0,0.03403231350979718,2025-09-01/2025-09-07,False,False
Nablus Printing Studio,Local Services,3287,2025-09-06,8,Saturday,9,reel,Customer favorite is back. #Palestine #SupportLocal #Nablus #SmallBusiness,74,4,3,93,7,3559.0,Arabic,False,True,32.0,False,False,False,True,462.90000000000003,0.14082750228171587,2025-09-01/2025-09-07,False,True
Olive Branch Books,Bookstore,4379,2025-09-06,0,Saturday,9,reel,Community vibes in Ramallah. ??????????? #Ramallah #Nablus #Bookstore #Hebron #SmallBusiness #Coffee #Jerusalem,111,7,5,142,8,8476.0,Arabic,False,True,0.0,False,False,False,False,1005.6,0.22964147065540078,2025-09-01/2025-09-07,False,True
Gaza Power House,Gym,1688,2025-09-06,20,Saturday,9,carousel,Community vibes in Ramallah. ?????? #Jerusalem #Clinic #Bookstore #Palestine #Coffee #Hebron,92,6,3,46,4,0.0,English,False,True,11.0,True,False,True,False,54.0,0.031990521327014215,2025-09-01/2025-09-07,False,False
Al-Karmel Boutique,Clothing Store,9423,2025-09-07,9,Sunday,9,reel,Ramadan-style menu ideas. #Food #Beauty #Palestine #SmallBusiness,65,4,2,259,11,11392.0,Arabic,False,True,13.0,True,False,False,True,1420.2,0.1507163323782235,2025-09-01/2025-09-07,False,True
Gaza Book Nook,Bookstore,2978,2025-09-07,12,Sunday,9,image,Limited offer for this week. | ahlan ya shabab #Clinic #Hebron #Beauty #SupportLocal #Coffee #Ramallah #Palestine #Fitness,122,8,0,78,6,0.0,Mixed,False,False,0.0,False,False,False,True,90.0,0.03022162525184688,2025-09-01/2025-09-07,False,False
Nablus Printing Studio,Local Services,3287,2025-09-09,13,Tuesday,9,reel,New arrivals just landed.,25,5,0,85,8,657.0,English,False,False,0.0,False,False,False,False,166.7,0.05071493763310009,2025-09-08/2025-09-14,False,True
Nablus Printing Studio,Local Services,3287,2025-09-09,22,Tuesday,9,image,Limited offer for this week. | ahlan ya shabab #Bookstore #SupportLocal #Food #Jerusalem #Clinic,96,5,0,106,3,0.0,Arabic,False,True,19.0,True,False,False,True,112.0,0.03407362336477031,2025-09-08/2025-09-14,False,False
Gaza Glow Salon,Beauty Salon,6765,2025-09-10,20,Wednesday,9,reel,Limited offer for this week. #SmallBusiness #Food #Ramallah,59,3,0,225,20,1353.0,Arabic,False,False,0.0,False,False,False,False,400.3,0.05917220990391722,2025-09-08/2025-09-14,False,True
Nablus Iron Club,Gym,2735,2025-09-11,8,Thursday,9,image,Fresh and ready today. Tag a friend,35,5,1,71,9,0.0,Arabic,True,False,0.0,False,False,False,False,89.0,0.03254113345521024,2025-09-08/2025-09-14,False,False
Jerusalem Saj Bakery,Bakery,5611,2025-09-12,19,Friday,9,image,Ramadan-style menu ideas. | ahlan ya shabab ???? #SmallBusiness #Palestine #SupportLocal #Fitness #Gaza #Clinic,111,6,3,202,12,0.0,Mixed,False,True,1.0,True,False,False,True,226.0,0.04027802530743183,2025-09-08/2025-09-14,False,False
Nablus Printing Studio,Local Services,3287,2025-09-12,10,Friday,9,reel,Fresh and ready today. Book now ???? #Bookstore #Coffee #Palestine #SupportLocal,80,4,3,152,13,5268.0,Arabic,True,False,0.0,False,False,False,False,704.8000000000001,0.21442044417401887,2025-09-08/2025-09-14,False,True
Laila Hair & Nails,Beauty Salon,2528,2025-09-12,10,Friday,9,image,Community vibes in Ramallah. #Bookstore #Palestine #Jerusalem #SupportLocal #Nablus,83,5,2,51,4,0.0,Mixed,False,True,13.0,True,False,False,True,59.0,0.02333860759493671,2025-09-08/2025-09-14,False,False
Ramallah Readers,Bookstore,5527,2025-09-12,13,Friday,9,reel,"Support local, shop Palestinian. Visit us today | ahlan ya shabab | for Palestine ??? #Coffee #Ramallah #SmallBusiness #Palestine",129,4,2,109,9,8931.0,Arabic,True,False,0.0,False,False,True,True,1020.1,0.184566672697666,2025-09-08/2025-09-14,False,True
Gaza Power House,Gym,1688,2025-09-14,13,Sunday,9,reel,Limited offer for this week.,28,6,0,32,2,1449.0,Mixed,False,False,0.0,False,False,False,False,180.9,0.10716824644549763,2025-09-08/2025-09-14,False,True
Jerusalem Kitchen,Restaurant,10814,2025-09-14,19,Sunday,9,image,Community vibes in Hebron.,26,5,1,195,13,0.0,Mixed,False,True,8.0,True,True,False,False,221.0,0.02043647124098391,2025-09-08/2025-09-14,False,False
Cafe Al-Quds,Cafe,12976,2025-09-15,21,Monday,9,carousel,New arrivals just landed. #SmallBusiness #Clinic #SupportLocal #Food #Fitness,77,5,4,422,34,0.0,Arabic,False,True,8.0,False,False,False,True,490.0,0.03776202219482121,2025-09-15/2025-09-21,False,False
Gaza Home Cleaning,Local Services,2776,2025-09-15,7,Monday,9,image,Behind the scenes from our team. | ahlan ya shabab #Palestine #SmallBusiness #Clinic #Ramallah #Fitness #Food #Bookstore #Hebron,128,8,2,104,6,0.0,Arabic,False,True,33.0,False,False,True,True,116.0,0.04178674351585014,2025-09-15/2025-09-21,False,False
Falafel Al-Balad,Restaurant,11524,2025-09-16,10,Tuesday,9,image,Customer favorite is back. Order on WhatsApp | ahlan ya shabab ??????,69,4,2,485,38,0.0,Mixed,True,True,16.0,False,False,False,True,561.0,0.04868101353696633,2025-09-15/2025-09-21,False,False
Shifa Physiotherapy,Clinic,10435,2025-09-19,12,Friday,9,image,Limited offer for this week. #SupportLocal #Fitness,51,2,0,219,8,0.0,Mixed,False,False,0.0,False,False,False,True,235.0,0.022520364159080018,2025-09-15/2025-09-21,False,False
Strong Roots Gym,Gym,8112,2025-09-19,22,Friday,9,reel,Behind the scenes from our team. | ahlan ya shabab ???? #Coffee #Gaza #Food #Fitness #Jerusalem #SmallBusiness #Nablus #Bookstore,129,8,2,254,19,10188.0,Mixed,False,False,0.0,True,False,False,True,1310.8000000000002,0.16158777120315584,2025-09-15/2025-09-21,False,True
Olive Branch Books,Bookstore,4379,2025-09-20,9,Saturday,9,image,Limited offer for this week.,28,6,0,152,7,0.0,Arabic,False,False,0.0,False,False,False,False,166.0,0.03790819821877141,2025-09-15/2025-09-21,False,False
Nablus Coffee Corner,Cafe,2909,2025-09-21,8,Sunday,9,image,Fresh and ready today. Order on WhatsApp #Beauty #Food #Fitness #Bookstore,74,4,0,88,12,0.0,Arabic,True,False,0.0,True,False,False,True,112.0,0.03850120316259883,2025-09-15/2025-09-21,False,False
Ramallah Lash Bar,Beauty Salon,6223,2025-09-21,10,Sunday,9,image,Limited offer for this week. Call for appointment #Food #Bookstore #Jerusalem,77,3,6,217,24,0.0,Arabic,True,False,0.0,False,False,True,True,265.0,0.04258396271894584,2025-09-15/2025-09-21,False,False
Laila Hair & Nails,Beauty Salon,2528,2025-09-21,13,Sunday,9,carousel,Customer favorite is back. #Ramallah #Jerusalem #Palestine #Coffee #Gaza #Clinic,80,6,2,68,2,0.0,Arabic,False,True,20.0,False,False,True,False,72.0,0.028481012658227847,2025-09-15/2025-09-21,False,False
Al-Quds Phone Repair,Local Services,1807,2025-09-21,18,Sunday,9,reel,New arrivals just landed. Book now,34,5,4,44,3,4865.0,Arabic,True,False,0.0,False,False,False,True,536.5,0.29690094078583285,2025-09-15/2025-09-21,False,True
Nablus Printing Studio,Local Services,3287,2025-09-21,13,Sunday,9,reel,New arrivals just landed. #SmallBusiness,40,1,4,81,7,5391.0,Arabic,False,False,0.0,False,False,False,False,634.1,0.19291146942500761,2025-09-15/2025-09-21,False,True
Ramallah Streetwear,Clothing Store,18359,2025-09-22,17,Monday,9,image,Limited offer for this week. Order on WhatsApp #SupportLocal #Palestine #Nablus #Hebron #Gaza #SmallBusiness #Jerusalem,119,7,2,779,69,0.0,Arabic,True,False,0.0,False,False,False,False,917.0,0.04994825426221472,2025-09-22/2025-09-28,False,False
Falafel Al-Balad,Restaurant,11524,2025-09-22,17,Monday,9,image,Behind the scenes from our team. DM us | ahlan ya shabab | for Palestine #Nablus #Clinic #Palestine,99,3,4,82,9,0.0,Arabic,True,False,0.0,True,False,True,True,100.0,0.008677542519958347,2025-09-22/2025-09-28,False,False
Olive Branch Books,Bookstore,4379,2025-09-24,19,Wednesday,9,video,"Support local, shop Palestinian. ???? #Fitness #Coffee #Nablus",62,3,3,135,10,5624.0,Arabic,False,False,0.0,False,False,False,True,717.4,0.16382735784425667,2025-09-22/2025-09-28,True,False
Olive Branch Books,Bookstore,4379,2025-09-25,17,Thursday,9,reel,Fresh and ready today. Book now ???,35,6,2,134,16,876.0,Arabic,True,False,0.0,False,False,False,False,253.60000000000002,0.05791276547156886,2025-09-22/2025-09-28,False,True
Nablus Linen Co,Clothing Store,2669,2025-09-25,6,Thursday,9,image,Fresh and ready today. Book now ? #SmallBusiness #Bookstore #Palestine #Clinic #Food #Gaza,90,6,1,30,2,0.0,Arabic,True,False,0.0,True,False,False,False,34.0,0.012738853503184714,2025-09-22/2025-09-28,False,False
Gaza Sea Breeze Cafe,Cafe,14649,2025-09-26,8,Friday,9,image,"Support local, shop Palestinian.",32,6,4,406,31,0.0,Arabic,False,False,0.0,False,False,False,False,468.0,0.03194757321318861,2025-09-22/2025-09-28,False,False
Nablus Printing Studio,Local Services,3287,2025-09-29,10,Monday,9,image,Limited offer for this week. ????? #Coffee #Clinic #Food,56,3,3,99,5,0.0,Mixed,False,False,0.0,False,False,False,False,109.0,0.03316093702464253,2025-09-29/2025-10-05,False,False
Olive Branch Books,Bookstore,4379,2025-09-29,21,Monday,9,image,New arrivals just landed.,25,6,4,122,9,0.0,Mixed,False,True,31.0,True,False,False,False,140.0,0.03197076958209637,2025-09-29/2025-10-05,False,False
Nablus Skin Center,Clinic,11174,2025-09-30,20,Tuesday,9,reel,Limited offer for this week. #Coffee #Food #Jerusalem #SupportLocal #Clinic,75,5,2,445,17,14842.0,Arabic,False,False,0.0,True,False,False,False,1963.2,0.17569357436907107,2025-09-29/2025-10-05,False,True
Ramallah Family Clinic,Clinic,2924,2025-09-30,10,Tuesday,9,reel,Behind the scenes from our team. Call for appointment #Clinic #Ramallah #Jerusalem #Gaza #SupportLocal,102,5,2,124,14,3209.0,Arabic,True,True,18.0,False,False,False,True,472.90000000000003,0.16173050615595078,2025-09-29/2025-10-05,False,True
Al-Amal Dental Clinic,Clinic,3179,2025-09-30,13,Tuesday,9,image,Fresh and ready today. | ahlan ya shabab | for Palestine #Clinic #SmallBusiness #Coffee #Palestine #Ramallah,108,5,0,111,8,0.0,Mixed,False,False,0.0,True,False,True,True,127.0,0.03994966970745518,2025-09-29/2025-10-05,False,False
Nablus Sweet Oven,Bakery,10928,2025-10-01,19,Wednesday,10,image,"Support local, shop Palestinian. #Ramallah #Jerusalem #Fitness #Coffee #SupportLocal",84,5,0,310,12,0.0,Arabic,False,True,26.0,True,False,False,False,334.0,0.030563689604685213,2025-09-29/2025-10-05,False,False
Ramallah Family Clinic,Clinic,2924,2025-10-02,20,Thursday,10,image,Fresh and ready today. Book now | ahlan ya shabab,49,6,3,78,9,0.0,Mixed,True,False,0.0,True,False,False,True,96.0,0.03283173734610123,2025-09-29/2025-10-05,False,False
Nablus Sweet Oven,Bakery,10928,2025-10-03,10,Friday,10,image,"Support local, shop Palestinian.",32,5,3,341,23,0.0,English,False,True,33.0,False,False,False,False,387.0,0.035413616398243045,2025-09-29/2025-10-05,False,False
Ramallah Lash Bar,Beauty Salon,6223,2025-10-07,9,Tuesday,10,carousel,Customer favorite is back. Call for appointment #SupportLocal #Jerusalem #Coffee #Palestine #SmallBusiness,106,5,1,167,14,0.0,Arabic,True,True,38.0,False,False,False,False,195.0,0.03133536879318657,2025-10-06/2025-10-12,False,False
Ramallah Streetwear,Clothing Store,18359,2025-10-07,19,Tuesday,10,image,Behind the scenes from our team. | ahlan ya shabab ??? #Coffee #SupportLocal #Fitness #Bookstore #Jerusalem #SmallBusiness,122,6,2,364,28,0.0,Mixed,False,False,0.0,False,False,False,True,420.0,0.022877063020861704,2025-10-06/2025-10-12,False,False
Gaza Book Nook,Bookstore,2978,2025-10-08,8,Wednesday,10,image,"Support local, shop Palestinian. #Fitness #Beauty #Coffee #Hebron",65,4,3,70,6,0.0,Arabic,False,False,0.0,True,False,False,False,82.0,0.027535258562793822,2025-10-06/2025-10-12,False,False
Ramallah Readers,Bookstore,5527,2025-10-08,12,Wednesday,10,reel,Limited offer for this week. Call for appointment | ahlan ya shabab,67,6,2,239,28,8439.0,Mixed,True,True,15.0,False,False,False,True,1138.9,0.20606115433327304,2025-10-06/2025-10-12,False,True
Kanafeh & Kunafa House,Bakery,13490,2025-10-09,19,Thursday,10,reel,Behind the scenes from our team. Visit us today | ahlan ya shabab ???? #SupportLocal #Beauty #Ramallah #Nablus #Coffee,118,5,2,414,43,23662.0,Arabic,True,False,0.0,True,False,False,True,2866.2000000000003,0.21246849518161603,2025-10-06/2025-10-12,False,True
Cafe Al-Quds,Cafe,12976,2025-10-12,8,Sunday,10,video,Limited offer for this week. ??????????? #Gaza #Clinic #Beauty #Food #Fitness #Coffee #Bookstore,96,7,5,374,21,37240.0,Arabic,False,True,15.0,False,False,True,True,4140.0,0.3190505548705302,2025-10-06/2025-10-12,True,False
Ramallah Roastery,Cafe,4324,2025-10-12,19,Sunday,10,reel,Limited offer for this week. Order on WhatsApp ?????,52,7,3,98,11,4104.0,Arabic,True,False,0.0,True,False,False,False,530.4000000000001,0.12266419981498615,2025-10-06/2025-10-12,False,True
Gaza Power House,Gym,1688,2025-10-13,9,Monday,10,image,Customer favorite is back.,26,6,3,43,3,0.0,English,False,False,0.0,False,False,False,False,49.0,0.029028436018957347,2025-10-13/2025-10-19,False,False
Gaza Book Nook,Bookstore,2978,2025-10-14,21,Tuesday,10,carousel,Customer favorite is back.,26,10,3,90,4,0.0,Arabic,False,False,0.0,True,False,False,False,98.0,0.03290799194089993,2025-10-13/2025-10-19,False,False
Gaza Glow Salon,Beauty Salon,6765,2025-10-15,12,Wednesday,10,reel,Fresh and ready today.,22,3,4,149,8,1353.0,Arabic,False,True,31.0,False,True,False,False,300.3,0.04439024390243903,2025-10-13/2025-10-19,False,True
Ramallah Delivery Service,Local Services,3962,2025-10-15,9,Wednesday,10,image,Ramadan-style menu ideas. | ahlan ya shabab,43,2,3,167,8,0.0,Arabic,False,False,0.0,True,True,False,True,183.0,0.04618879353861686,2025-10-13/2025-10-19,False,False
Ramallah Fit Hub,Gym,1720,2025-10-16,10,Thursday,10,reel,Community vibes in Nablus. | ahlan ya shabab,44,9,5,47,5,1165.0,Mixed,False,True,9.0,False,False,False,True,173.5,0.10087209302325581,2025-10-13/2025-10-19,False,True
Ramallah Lash Bar,Beauty Salon,6223,2025-10-17,5,Friday,10,reel,Limited offer for this week. Book now ???????????,49,2,5,165,23,1245.0,Arabic,True,True,34.0,True,False,False,False,335.5,0.05391290374417484,2025-10-13/2025-10-19,False,True
Laila Hair & Nails,Beauty Salon,2528,2025-10-17,13,Friday,10,image,Behind the scenes from our team. Tag a friend | ahlan ya shabab ???????? #Ramallah #Clinic #SmallBusiness #Fitness #Food,120,5,3,100,9,0.0,Arabic,True,False,0.0,True,False,False,True,118.0,0.04667721518987342,2025-10-13/2025-10-19,False,False
Al-Quds Phone Repair,Local Services,1807,2025-10-18,10,Saturday,10,carousel,Ramadan-style menu ideas.,25,4,3,43,1,0.0,Arabic,False,False,0.0,True,False,False,True,45.0,0.024903154399557276,2025-10-13/2025-10-19,False,False
Nablus Grill House,Restaurant,8072,2025-10-18,3,Saturday,10,image,Customer favorite is back. Call for appointment #Palestine #Nablus #Hebron #Ramallah #Bookstore #Clinic,103,6,4,285,20,0.0,Arabic,True,True,34.0,True,False,False,False,325.0,0.040262636273538155,2025-10-13/2025-10-19,False,False
Shifa Physiotherapy,Clinic,10435,2025-10-18,13,Saturday,10,reel,Limited offer for this week. | ahlan ya shabab ???????? #SupportLocal #Palestine #Ramallah #Nablus,98,4,3,386,24,16147.0,Arabic,False,False,0.0,False,False,False,True,2048.7,0.19632965979875416,2025-10-13/2025-10-19,False,True
Ramallah Roastery,Cafe,4324,2025-10-18,18,Saturday,10,image,Fresh and ready today. Book now | baraka ?????????? #Coffee #Ramallah,69,2,5,162,16,0.0,Mixed,True,False,0.0,False,True,False,False,194.0,0.04486586493987049,2025-10-13/2025-10-19,False,False
Canaan Threads,Clothing Store,8964,2025-10-23,1,Thursday,10,image,Fresh and ready today. DM us | baraka #Ramallah #Jerusalem #Nablus #SupportLocal #Clinic #Hebron,96,6,3,373,33,0.0,Arabic,True,True,33.0,True,True,False,False,439.0,0.048973672467648374,2025-10-20/2025-10-26,False,False
Shifa Physiotherapy,Clinic,10435,2025-10-23,15,Thursday,10,image,Fresh and ready today. | ahlan ya shabab ????????,49,3,3,242,9,0.0,Arabic,False,True,15.0,False,False,True,True,260.0,0.024916147580258743,2025-10-20/2025-10-26,False,False
Cafe Al-Quds,Cafe,12976,2025-10-24,18,Friday,10,image,Behind the scenes from our team. Book now | ahlan ya shabab ???????????,71,3,8,599,64,0.0,Mixed,True,False,0.0,True,True,False,True,727.0,0.05602651048088779,2025-10-20/2025-10-26,False,False
Ramallah Roastery,Cafe,4324,2025-10-25,16,Saturday,10,image,Behind the scenes from our team. Tag a friend,45,4,2,158,12,0.0,English,True,False,0.0,True,False,False,False,182.0,0.04209065679925995,2025-10-20/2025-10-26,False,False
Ramallah Delivery Service,Local Services,3962,2025-10-25,22,Saturday,10,image,Customer favorite is back. Book now #Bookstore #SupportLocal #Hebron #Ramallah #Coffee #SmallBusiness,101,6,0,88,6,0.0,English,True,False,0.0,True,False,False,False,100.0,0.02523977788995457,2025-10-20/2025-10-26,False,False
Nablus Printing Studio,Local Services,3287,2025-10-25,17,Saturday,10,reel,New arrivals just landed. DM us #Bookstore #Fitness #SmallBusiness,66,3,1,163,14,5678.0,Arabic,True,False,0.0,True,False,False,True,758.8000000000001,0.23084879829631885,2025-10-20/2025-10-26,False,True
Jerusalem Kitchen,Restaurant,10814,2025-10-25,19,Saturday,10,carousel,Ramadan-style menu ideas. #Food #Fitness #Ramallah #Gaza #Coffee #Nablus #Hebron #SmallBusiness,95,9,4,273,19,0.0,Arabic,False,False,0.0,False,False,False,False,311.0,0.028759016090253376,2025-10-20/2025-10-26,False,False
Gaza Power House,Gym,1688,2025-10-26,22,Sunday,10,carousel,Customer favorite is back. Call for appointment,47,8,0,63,6,0.0,Arabic,True,False,0.0,False,False,False,True,75.0,0.04443127962085308,2025-10-20/2025-10-26,False,False
Gaza Power House,Gym,1688,2025-10-27,10,Monday,10,reel,Behind the scenes from our team. | ahlan ya shabab #Hebron #Food #Coffee #SmallBusiness #Nablus #Beauty,103,6,4,83,6,4590.0,Arabic,False,False,0.0,False,False,False,True,554.0,0.3281990521327014,2025-10-27/2025-11-02,False,True
Ramallah Streetwear,Clothing Store,18359,2025-10-28,19,Tuesday,10,image,Limited offer for this week. | ahlan ya shabab #SupportLocal #Bookstore #Fitness #Clinic #Coffee #Hebron,104,6,1,431,26,0.0,Arabic,False,False,0.0,False,False,False,True,483.0,0.026308622473990958,2025-10-27/2025-11-02,False,False
Shifa Physiotherapy,Clinic,10435,2025-10-28,11,Tuesday,10,image,"Support local, shop Palestinian. | ahlan ya shabab | baraka",59,5,0,398,21,0.0,Arabic,False,True,35.0,False,True,False,True,440.0,0.04216578821274557,2025-10-27/2025-11-02,False,False
Canaan Threads,Clothing Store,8964,2025-10-29,18,Wednesday,10,image,Limited offer for this week. ????? #Nablus #Jerusalem #Beauty #Clinic,69,4,3,436,22,0.0,Arabic,False,False,0.0,False,False,False,True,480.0,0.0535475234270415,2025-10-27/2025-11-02,False,False
Nablus Grill House,Restaurant,8072,2025-10-29,0,Wednesday,10,video,Customer favorite is back. Call for appointment | ahlan ya shabab,65,5,1,307,24,6080.0,Mixed,True,False,0.0,True,False,False,True,963.0,0.11930128840436076,2025-10-27/2025-11-02,True,False
Nablus Sweet Oven,Bakery,10928,2025-10-30,7,Thursday,10,reel,Ramadan-style menu ideas.,25,3,3,248,12,5621.0,Arabic,False,False,0.0,False,False,False,False,834.1,0.07632686676427526,2025-10-27/2025-11-02,False,True
Shifa Physiotherapy,Clinic,10435,2025-11-01,17,Saturday,11,reel,Behind the scenes from our team. Call for appointment,53,4,3,325,30,13031.0,Mixed,True,False,0.0,False,False,False,False,1688.1000000000001,0.16177287973167226,2025-10-27/2025-11-02,False,True
Ramallah Streetwear,Clothing Store,18359,2025-11-02,21,Sunday,11,image,Ramadan-style menu ideas. | ahlan ya shabab #Gaza #Hebron #Ramallah #Palestine,78,4,0,638,37,0.0,Arabic,False,True,31.0,False,False,False,True,712.0,0.038782068740127455,2025-10-27/2025-11-02,False,False
Nablus Coffee Corner,Cafe,2909,2025-11-02,20,Sunday,11,reel,Limited offer for this week. Tag a friend | ahlan ya shabab,59,2,3,90,10,5681.0,Arabic,True,True,30.0,True,False,False,True,678.1,0.23310415950498453,2025-10-27/2025-11-02,False,True
Ramallah Delivery Service,Local Services,3962,2025-11-02,1,Sunday,11,carousel,Limited offer for this week. ? #Hebron #Nablus #Gaza #Bookstore #Clinic,71,5,1,136,11,0.0,Mixed,False,True,37.0,False,False,False,False,158.0,0.039878849066128215,2025-10-27/2025-11-02,False,False
Laila Hair & Nails,Beauty Salon,2528,2025-11-03,13,Monday,11,reel,Ramadan-style menu ideas. Tag a friend #Ramallah #Fitness #Coffee #Gaza #Nablus #Jerusalem,90,6,2,75,9,4076.0,English,True,False,0.0,True,False,False,False,500.6,0.19802215189873418,2025-11-03/2025-11-09,False,True
Shifa Physiotherapy,Clinic,10435,2025-11-03,4,Monday,11,image,Customer favorite is back. Call for appointment,47,7,5,296,33,0.0,Arabic,True,False,0.0,False,False,True,True,362.0,0.034690943938667944,2025-11-03/2025-11-09,False,False
Ramallah Lash Bar,Beauty Salon,6223,2025-11-06,10,Thursday,11,image,New arrivals just landed. Share this ? #Clinic #Nablus #SupportLocal,68,3,1,103,10,0.0,English,True,False,0.0,True,False,False,False,123.0,0.019765386469548448,2025-11-03/2025-11-09,False,False
Nablus Sweet Oven,Bakery,10928,2025-11-06,22,Thursday,11,image,Behind the scenes from our team. #Fitness #Gaza #Nablus #Coffee #SupportLocal,77,5,3,309,25,0.0,Arabic,False,True,40.0,False,False,False,False,359.0,0.03285139092240117,2025-11-03/2025-11-09,False,False
Gaza Glow Salon,Beauty Salon,6765,2025-11-07,15,Friday,11,image,Community vibes in Ramallah. Book now #Coffee #Jerusalem #Ramallah #Palestine #SupportLocal #SmallBusiness,106,6,1,142,14,0.0,Arabic,True,False,0.0,False,False,False,False,170.0,0.025129342202512936,2025-11-03/2025-11-09,False,False
Ramallah Lash Bar,Beauty Salon,6223,2025-11-09,10,Sunday,11,image,"Support local, shop Palestinian. ????????",41,4,4,152,9,0.0,Arabic,False,False,0.0,False,False,False,False,170.0,0.027318013819701108,2025-11-03/2025-11-09,False,False
Nablus Printing Studio,Local Services,3287,2025-11-09,18,Sunday,11,reel,Community vibes in Hebron. Tag a friend ???? #Jerusalem #Palestine #Bookstore #Coffee #Gaza #Ramallah #SmallBusiness #SupportLocal,130,8,2,128,11,4065.0,Arabic,True,False,0.0,True,False,False,False,556.5,0.16930331609370247,2025-11-03/2025-11-09,False,True
Nablus Stationery & Books,Bookstore,753,2025-11-10,10,Monday,11,reel,Behind the scenes from our team. ??? #Bookstore #Coffee #Jerusalem #SupportLocal #Hebron,88,5,2,18,3,151.0,Mixed,False,False,0.0,False,False,False,False,39.1,0.051925630810092965,2025-11-10/2025-11-16,False,True
Falafel Al-Balad,Restaurant,11524,2025-11-11,21,Tuesday,11,image,Customer favorite is back. ??????? #SupportLocal #SmallBusiness #Fitness #Gaza #Coffee,86,5,4,365,18,0.0,Arabic,False,False,0.0,False,False,False,False,401.0,0.034796945505032977,2025-11-10/2025-11-16,False,False
Falafel Al-Balad,Restaurant,11524,2025-11-12,4,Wednesday,11,image,Fresh and ready today. #Beauty #Ramallah #Nablus,48,3,5,227,18,0.0,Arabic,False,False,0.0,False,False,False,False,263.0,0.022821936827490456,2025-11-10/2025-11-16,False,False
Sama Beauty Studio,Beauty Salon,5497,2025-11-12,12,Wednesday,11,image,Community vibes in Hebron. Book now #Nablus #Beauty #SupportLocal,65,3,6,130,16,0.0,English,True,True,16.0,True,False,False,False,162.0,0.029470620338366383,2025-11-10/2025-11-16,False,False
Gaza Glow Salon,Beauty Salon,6765,2025-11-14,18,Friday,11,carousel,Limited offer for this week. #Bookstore,39,1,2,205,9,0.0,Mixed,False,True,24.0,False,False,False,True,223.0,0.03296378418329638,2025-11-10/2025-11-16,False,False
Nablus Stationery & Books,Bookstore,753,2025-11-14,18,Friday,11,reel,New arrivals just landed. ??????,32,3,2,17,3,616.0,English,False,False,0.0,False,False,False,False,84.6,0.11235059760956174,2025-11-10/2025-11-16,False,True
Nablus Printing Studio,Local Services,3287,2025-11-15,17,Saturday,11,carousel,Fresh and ready today. | ahlan ya shabab ????,45,4,1,101,3,0.0,Arabic,False,False,0.0,False,False,False,True,107.0,0.032552479464557346,2025-11-10/2025-11-16,False,False
Shifa Physiotherapy,Clinic,10435,2025-11-16,17,Sunday,11,reel,Ramadan-style menu ideas. #Gaza #SmallBusiness #Bookstore #SupportLocal #Beauty #Hebron,87,6,0,165,9,9692.0,Mixed,False,False,0.0,False,False,False,True,1152.2,0.1104168663152851,2025-11-10/2025-11-16,False,True
Kanafeh & Kunafa House,Bakery,13490,2025-11-16,18,Sunday,11,carousel,"Support local, shop Palestinian. #Jerusalem #Food #Hebron #Palestine",68,4,2,309,15,0.0,Mixed,False,True,55.0,True,False,False,True,339.0,0.0251297257227576,2025-11-10/2025-11-16,False,False
Gaza Home Cleaning,Local Services,2776,2025-11-16,11,Sunday,11,carousel,Behind the scenes from our team. DM us ????? #Nablus #Ramallah #Gaza #SmallBusiness #SupportLocal,97,5,3,108,13,0.0,Mixed,True,False,0.0,True,False,False,True,134.0,0.048270893371757925,2025-11-10/2025-11-16,False,False
Hebron Fresh Bakery,Bakery,8873,2025-11-17,15,Monday,11,image,Fresh and ready today. #Food #Hebron #Fitness #SupportLocal,59,4,3,409,22,0.0,Mixed,False,False,0.0,False,False,True,False,453.0,0.051053758593485855,2025-11-17/2025-11-23,False,False
Kanafeh & Kunafa House,Bakery,13490,2025-11-20,8,Thursday,11,image,Fresh and ready today. DM us | ahlan ya shabab ????? #Food #Fitness #Jerusalem,78,3,3,403,42,0.0,Arabic,True,True,37.0,True,False,False,True,487.0,0.036100815418828765,2025-11-17/2025-11-23,False,False
Ramallah Delivery Service,Local Services,3962,2025-11-20,17,Thursday,11,video,Customer favorite is back. #Bookstore #Coffee #Hebron #Palestine #Nablus #Clinic #Ramallah,90,7,4,113,4,5438.0,Arabic,False,False,0.0,True,False,False,True,664.8000000000001,0.167794043412418,2025-11-17/2025-11-23,True,False
Ramallah Readers,Bookstore,5527,2025-11-22,10,Saturday,11,reel,"Support local, shop Palestinian. #Bookstore #Clinic #SmallBusiness #Jerusalem",77,4,0,118,9,6628.0,English,False,True,33.0,True,False,False,False,798.8000000000001,0.14452686810204451,2025-11-17/2025-11-23,False,True
Gaza Sea Breeze Cafe,Cafe,14649,2025-11-23,19,Sunday,11,reel,Limited offer for this week. Tag a friend,41,4,3,431,36,24486.0,Arabic,True,False,0.0,False,False,False,True,2951.6,0.2014881561881357,2025-11-17/2025-11-23,False,True
Jerusalem Saj Bakery,Bakery,5611,2025-11-24,1,Monday,11,video,"Support local, shop Palestinian. ????????",41,3,5,94,4,3239.0,Arabic,False,True,17.0,False,False,False,False,425.90000000000003,0.07590447335590804,2025-11-24/2025-11-30,True,False
Gaza Home Cleaning,Local Services,2776,2025-11-25,18,Tuesday,11,image,Customer favorite is back. #Clinic #SupportLocal #Gaza #Food,60,4,0,81,7,0.0,Arabic,False,False,0.0,True,False,False,True,95.0,0.03422190201729106,2025-11-24/2025-11-30,False,False
Ramallah Streetwear,Clothing Store,18359,2025-11-26,20,Wednesday,11,reel,Behind the scenes from our team. | baraka #Gaza #Jerusalem #Clinic #Fitness,75,4,0,786,53,32314.0,Arabic,False,True,17.0,False,True,False,True,4123.4,0.2245982896671932,2025-11-24/2025-11-30,False,True
Gaza Glow Salon,Beauty Salon,6765,2025-11-28,10,Friday,11,carousel,Fresh and ready today. Book now #SupportLocal #Ramallah #Coffee #Bookstore #Gaza,80,5,7,138,18,0.0,Arabic,True,True,32.0,False,False,False,False,174.0,0.025720620842572064,2025-11-24/2025-11-30,False,False
Olive Branch Books,Bookstore,4379,2025-11-30,9,Sunday,11,reel,Fresh and ready today.,22,3,3,108,5,4353.0,Arabic,False,False,0.0,False,False,True,False,553.3,0.12635304864124228,2025-11-24/2025-11-30,False,True
Taste of Hebron,Restaurant,12512,2025-12-01,21,Monday,12,image,Ramadan-style menu ideas.,25,4,4,318,22,0.0,Arabic,False,False,0.0,True,False,False,True,362.0,0.028932225063938617,2025-12-01/2025-12-07,False,False
Gaza Sea Breeze Cafe,Cafe,14649,2025-12-01,8,Monday,12,image,Fresh and ready today.,22,5,2,530,30,0.0,Arabic,False,False,0.0,False,False,False,True,590.0,0.0402757867431224,2025-12-01/2025-12-07,False,False
Jerusalem Saj Bakery,Bakery,5611,2025-12-03,21,Wednesday,12,reel,Limited offer for this week. Visit us today,43,5,1,206,25,4834.0,Arabic,True,False,0.0,False,False,False,False,739.4000000000001,0.1317768668686509,2025-12-01/2025-12-07,False,True
Gaza Book Nook,Bookstore,2978,2025-12-04,22,Thursday,12,image,Behind the scenes from our team. Book now | ahlan ya shabab #Beauty #Nablus #Fitness #Palestine #Food #SmallBusiness,116,6,0,85,8,0.0,Arabic,True,False,0.0,False,False,False,True,101.0,0.033915379449294826,2025-12-01/2025-12-07,False,False
Ramallah Delivery Service,Local Services,3962,2025-12-05,17,Friday,12,image,Customer favorite is back. Visit us today,41,4,6,106,13,0.0,Mixed,True,True,39.0,False,False,True,False,132.0,0.03331650681474003,2025-12-01/2025-12-07,False,False
Gaza Home Cleaning,Local Services,2776,2025-12-06,18,Saturday,12,reel,Behind the scenes from our team. Book now,41,8,2,60,7,3683.0,Arabic,True,False,0.0,False,False,False,False,442.3,0.1593299711815562,2025-12-01/2025-12-07,False,True
Ramallah Readers,Bookstore,5527,2025-12-06,21,Saturday,12,image,Customer favorite is back.,26,3,0,93,5,0.0,Arabic,False,False,0.0,False,False,False,False,103.0,0.018635787950063324,2025-12-01/2025-12-07,False,False
Ramallah Family Clinic,Clinic,2924,2025-12-07,7,Sunday,12,carousel,Behind the scenes from our team. Book now #SmallBusiness #Gaza #Hebron #Fitness #Ramallah,89,5,1,88,9,0.0,Arabic,True,False,0.0,False,False,True,True,106.0,0.03625170998632011,2025-12-01/2025-12-07,False,False
Nablus Skin Center,Clinic,11174,2025-12-10,21,Wednesday,12,reel,"Support local, shop Palestinian. Visit us today",47,5,2,446,38,5488.0,Mixed,True,False,0.0,False,False,False,False,1070.8000000000002,0.09582960443887598,2025-12-08/2025-12-14,False,True
Jerusalem Kitchen,Restaurant,10814,2025-12-14,12,Sunday,12,image,Fresh and ready today. #Clinic #Ramallah #Jerusalem,51,3,6,287,19,0.0,Arabic,False,False,0.0,False,False,False,False,325.0,0.030053634177917513,2025-12-08/2025-12-14,False,False
Strong Roots Gym,Gym,8112,2025-12-14,12,Sunday,12,reel,New arrivals just landed. #Gaza #Ramallah #Coffee #Bookstore,60,4,2,138,11,13641.0,Arabic,False,False,0.0,False,False,False,True,1524.1000000000001,0.1878821499013807,2025-12-08/2025-12-14,False,True
Al-Quds Phone Repair,Local Services,1807,2025-12-14,18,Sunday,12,video,Fresh and ready today. Visit us today ????? #SupportLocal #Bookstore #Clinic #SmallBusiness #Coffee #Jerusalem,110,6,3,28,3,3380.0,English,True,False,0.0,False,False,False,False,372.0,0.2058660763696735,2025-12-08/2025-12-14,True,False
Gaza Book Nook,Bookstore,2978,2025-12-17,21,Wednesday,12,video,New arrivals just landed. ????????,34,5,3,81,6,3396.0,Arabic,False,False,0.0,False,False,False,True,432.6,0.145265278710544,2025-12-15/2025-12-21,True,False
Al-Amal Dental Clinic,Clinic,3179,2025-12-19,17,Friday,12,image,Behind the scenes from our team. ??????,39,4,3,104,7,0.0,Arabic,False,False,0.0,False,True,False,False,118.0,0.03711859075180875,2025-12-15/2025-12-21,False,False
Ramallah Family Clinic,Clinic,2924,2025-12-19,20,Friday,12,image,Fresh and ready today. #Coffee #Hebron #Gaza #Ramallah #Bookstore,65,5,0,66,7,0.0,Arabic,False,False,0.0,False,False,False,True,80.0,0.027359781121751026,2025-12-15/2025-12-21,False,False
Nablus Grill House,Restaurant,8072,2025-12-20,1,Saturday,12,reel,New arrivals just landed. #Ramallah #Fitness #Palestine #Coffee #Beauty #Hebron #SupportLocal #Gaza,99,9,5,245,18,8827.0,English,False,True,3.0,False,False,False,False,1163.7,0.14416501486620417,2025-12-15/2025-12-21,False,True
Taste of Hebron,Restaurant,12512,2025-12-21,0,Sunday,12,reel,"Support local, shop Palestinian. DM us ????????? #Beauty #Clinic #SupportLocal",78,3,4,399,44,20509.0,Arabic,True,False,0.0,False,False,False,True,2537.9,0.20283727621483377,2025-12-15/2025-12-21,False,True
Al-Karmel Boutique,Clothing Store,9423,2025-12-22,15,Monday,12,image,Community vibes in Jerusalem. Order on WhatsApp #Coffee #Clinic #Palestine #Gaza #Beauty,88,5,4,365,39,0.0,Arabic,True,False,0.0,False,False,False,True,443.0,0.047012628674519795,2025-12-22/2025-12-28,False,False
Falafel Al-Balad,Restaurant,11524,2025-12-22,20,Monday,12,reel,Limited offer for this week. ???????,36,9,4,209,17,21035.0,English,False,True,27.0,False,False,False,False,2346.5,0.20361853523082263,2025-12-22/2025-12-28,False,True
Nablus Linen Co,Clothing Store,2669,2025-12-22,21,Monday,12,reel,New arrivals just landed. Tag a friend | ahlan ya shabab,56,8,0,95,12,4864.0,Arabic,True,True,15.0,True,False,False,True,605.4000000000001,0.2268265267890596,2025-12-22/2025-12-28,False,True
Falafel Al-Balad,Restaurant,11524,2025-12-24,19,Wednesday,12,reel,Community vibes in Hebron. Tag a friend ?,41,6,1,594,59,15443.0,Mixed,True,False,0.0,False,False,False,True,2256.3,0.19579139187782021,2025-12-22/2025-12-28,False,True
Jerusalem Kitchen,Restaurant,10814,2025-12-24,17,Wednesday,12,image,Community vibes in Gaza. ???????,32,5,5,180,16,0.0,Arabic,False,False,0.0,True,False,False,False,212.0,0.019604216756056964,2025-12-22/2025-12-28,False,False
Taste of Hebron,Restaurant,12512,2025-12-25,15,Thursday,12,reel,Community vibes in Bethlehem. Order on WhatsApp | ahlan ya shabab #Jerusalem #Palestine #Hebron #Coffee,103,4,1,342,40,15964.0,Arabic,True,False,0.0,False,False,True,True,2018.4,0.16131713554987212,2025-12-22/2025-12-28,False,True
Nablus Grill House,Restaurant,8072,2025-12-28,8,Sunday,12,reel,Fresh and ready today.,22,2,4,148,13,9017.0,Arabic,False,False,0.0,False,False,False,False,1075.7,0.1332631318136769,2025-12-22/2025-12-28,False,True
Hebron Fresh Bakery,Bakery,8873,2025-12-29,8,Monday,12,reel,New arrivals just landed. Share this | ahlan ya shabab ???????? #Coffee #Ramallah #Nablus #Hebron,97,4,4,115,13,7581.0,Arabic,True,True,27.0,True,False,False,True,899.1,0.1013298771554153,2025-12-29/2026-01-04,False,True
Ramallah Lash Bar,Beauty Salon,6223,2025-12-30,22,Tuesday,12,reel,Community vibes in Hebron. | ahlan ya shabab #Hebron #Fitness #Beauty #Food,75,4,3,129,8,8432.0,Arabic,False,True,21.0,True,False,False,True,988.2,0.15879800739193317,2025-12-29/2026-01-04,False,True
Al-Amal Dental Clinic,Clinic,3179,2025-12-30,18,Tuesday,12,reel,New arrivals just landed. #Beauty #Jerusalem #Clinic #Food #SupportLocal #Gaza,78,6,1,78,3,5062.0,Mixed,False,False,0.0,False,False,False,True,590.2,0.18565586662472477,2025-12-29/2026-01-04,False,True
Jerusalem Saj Bakery,Bakery,5611,2025-12-31,9,Wednesday,12,image,Customer favorite is back. | ahlan ya shabab #SupportLocal #SmallBusiness #Beauty #Food #Clinic,95,5,0,37,5,0.0,Arabic,False,True,18.0,False,False,False,True,47.0,0.008376403493138477,2025-12-29/2026-01-04,False,False
Nablus Skin Center,Clinic,11174,2025-12-31,10,Wednesday,12,image,Fresh and ready today.,22,4,4,260,22,0.0,Mixed,False,True,2.0,False,False,False,True,304.0,0.027206013960980848,2025-12-29/2026-01-04,False,False
Nablus Iron Club,Gym,2735,2025-12-31,22,Wednesday,12,carousel,"Support local, shop Palestinian. Book now",41,5,0,114,10,0.0,Arabic,True,False,0.0,True,False,False,True,134.0,0.048994515539305304,2025-12-29/2026-01-04,False,False
Al-Amal Dental Clinic,Clinic,3179,2026-01-01,9,Thursday,1,reel,Ramadan-style menu ideas.,25,5,2,76,5,3214.0,Arabic,False,False,0.0,False,False,False,False,407.40000000000003,0.12815350739226172,2025-12-29/2026-01-04,False,True
Nablus Coffee Corner,Cafe,2909,2026-01-01,20,Thursday,1,carousel,Customer favorite is back. Call for appointment #Food #Gaza #Jerusalem,70,3,3,75,11,0.0,Arabic,True,True,19.0,True,False,False,True,97.0,0.033344792024750776,2025-12-29/2026-01-04,False,False
Ramallah Delivery Service,Local Services,3962,2026-01-01,19,Thursday,1,video,Behind the scenes from our team. Share this | ahlan ya shabab #Coffee #SupportLocal #Ramallah #Hebron #Palestine #Jerusalem #SmallBusiness #Fitness,147,8,7,211,15,7443.0,Arabic,True,False,0.0,True,False,True,True,985.3000000000001,0.24868753154972237,2025-12-29/2026-01-04,True,False
Ramallah Streetwear,Clothing Store,18359,2026-01-03,22,Saturday,1,video,Community vibes in Bethlehem. | ahlan ya shabab ?? #Nablus #Fitness #Gaza,73,3,1,573,48,23365.0,Arabic,False,True,25.0,True,False,False,True,3005.5,0.16370717359333298,2025-12-29/2026-01-04,True,False
Jerusalem Kitchen,Restaurant,10814,2026-01-04,10,Sunday,1,carousel,Fresh and ready today. Call for appointment,43,4,4,396,32,0.0,Mixed,True,False,0.0,False,False,True,False,460.0,0.042537451451821716,2025-12-29/2026-01-04,False,False
Al-Quds Phone Repair,Local Services,1807,2026-01-05,19,Monday,1,image,Limited offer for this week. | ahlan ya shabab,46,5,1,42,1,0.0,Mixed,False,False,0.0,False,False,False,True,44.0,0.024349750968456003,2026-01-05/2026-01-11,False,False
Laila Hair & Nails,Beauty Salon,2528,2026-01-07,8,Wednesday,1,image,Behind the scenes from our team. #Hebron #Bookstore #Gaza #Nablus #SmallBusiness,80,5,3,86,6,0.0,English,False,False,0.0,True,False,False,False,98.0,0.038765822784810125,2026-01-05/2026-01-11,False,False
Nablus Stationery & Books,Bookstore,753,2026-01-07,10,Wednesday,1,image,New arrivals just landed. ????? #Palestine #Nablus #Jerusalem,61,3,3,19,0,0.0,English,False,False,0.0,False,False,False,False,19.0,0.025232403718459494,2026-01-05/2026-01-11,False,False
Kanafeh & Kunafa House,Bakery,13490,2026-01-09,5,Friday,1,reel,Fresh and ready today. Book now ???? #Nablus #Bookstore #Gaza #Beauty,69,4,1,529,63,4336.0,Arabic,True,False,0.0,False,False,False,False,1088.6,0.08069681245366937,2026-01-05/2026-01-11,False,True
Kanafeh & Kunafa House,Bakery,13490,2026-01-11,22,Sunday,1,image,Customer favorite is back. | ahlan ya shabab #Hebron #SupportLocal #Fitness #Nablus #Palestine #Jerusalem #Beauty #Food,119,8,4,376,33,0.0,Arabic,False,False,0.0,True,False,False,True,442.0,0.03276501111934767,2026-01-05/2026-01-11,False,False
Falafel Al-Balad,Restaurant,11524,2026-01-11,9,Sunday,1,image,Customer favorite is back.,26,3,2,314,27,0.0,Mixed,False,False,0.0,False,False,False,True,368.0,0.03193335647344672,2026-01-05/2026-01-11,False,False
Olive Branch Books,Bookstore,4379,2026-01-11,19,Sunday,1,image,Fresh and ready today. Order on WhatsApp,40,6,0,122,10,0.0,Arabic,True,False,0.0,True,False,False,False,142.0,0.0324274948618406,2026-01-05/2026-01-11,False,False
Nablus Skin Center,Clinic,11174,2026-01-12,21,Monday,1,image,Limited offer for this week. Tag a friend ??????? #Jerusalem #Food #SmallBusiness #Fitness #Hebron #Ramallah,108,6,4,359,29,0.0,Arabic,True,True,24.0,True,False,False,True,417.0,0.037318775729371756,2026-01-12/2026-01-18,False,False
Jerusalem Kitchen,Restaurant,10814,2026-01-12,9,Monday,1,reel,Fresh and ready today. Visit us today #Gaza #Bookstore #Coffee #Palestine #Fitness,82,5,5,206,25,5998.0,English,True,False,0.0,True,False,False,False,855.8000000000001,0.07913815424449788,2026-01-12/2026-01-18,False,True
Nablus Printing Studio,Local Services,3287,2026-01-13,15,Tuesday,1,reel,Customer favorite is back. | ahlan ya shabab,44,4,0,93,3,657.0,Mixed,False,False,0.0,False,False,False,True,164.7,0.0501064800730149,2026-01-12/2026-01-18,False,True
Nablus Linen Co,Clothing Store,2669,2026-01-13,22,Tuesday,1,carousel,Customer favorite is back. Call for appointment ?? #Gaza #Fitness #Bookstore #Ramallah #Jerusalem,97,5,1,79,7,0.0,Mixed,True,False,0.0,True,False,False,False,93.0,0.03484451105282878,2026-01-12/2026-01-18,False,False
Ramallah Readers,Bookstore,5527,2026-01-16,21,Friday,1,reel,Limited offer for this week. | for Palestine ??????,51,8,4,217,7,9446.0,Arabic,False,False,0.0,False,False,True,True,1175.6,0.21270128460285867,2026-01-12/2026-01-18,False,True
Gaza Power House,Gym,1688,2026-01-17,15,Saturday,1,image,Community vibes in Bethlehem. Tag a friend ?????,48,6,3,66,7,0.0,Arabic,True,False,0.0,True,False,False,True,80.0,0.04739336492890995,2026-01-12/2026-01-18,False,False
Al-Karmel Boutique,Clothing Store,9423,2026-01-17,10,Saturday,1,video,Behind the scenes from our team. #Palestine #Food #Fitness #Jerusalem #Hebron #Gaza #Ramallah,93,7,2,284,19,18685.0,English,False,False,0.0,False,False,False,False,2190.5,0.2324631221479359,2026-01-12/2026-01-18,True,False
Kanafeh & Kunafa House,Bakery,13490,2026-01-17,18,Saturday,1,reel,Fresh and ready today. | baraka #SupportLocal #Fitness #Clinic #Jerusalem #SmallBusiness,88,5,3,489,31,13664.0,Arabic,False,True,38.0,False,True,False,False,1917.4,0.1421349147516679,2026-01-12/2026-01-18,False,True
Jerusalem Kitchen,Restaurant,10814,2026-01-20,13,Tuesday,1,reel,Community vibes in Bethlehem. Tag a friend ???,46,7,2,474,43,18927.0,Arabic,True,False,0.0,False,False,False,True,2452.7,0.2268078416867024,2026-01-19/2026-01-25,False,True
Ramallah Fit Hub,Gym,1720,2026-01-21,12,Wednesday,1,image,Behind the scenes from our team. #Palestine #Fitness #Nablus #SupportLocal #Coffee #SmallBusiness,97,6,2,47,6,0.0,Arabic,False,False,0.0,False,False,False,False,59.0,0.03430232558139535,2026-01-19/2026-01-25,False,False
Olive Branch Books,Bookstore,4379,2026-01-21,13,Wednesday,1,carousel,"Support local, shop Palestinian.",32,4,1,116,5,0.0,Arabic,False,False,0.0,True,False,False,True,126.0,0.02877369262388673,2026-01-19/2026-01-25,False,False
Nablus Coffee Corner,Cafe,2909,2026-01-22,17,Thursday,1,reel,Limited offer for this week. | ahlan ya shabab #Coffee #Gaza,60,2,2,89,5,4083.0,Arabic,False,False,0.0,False,True,False,True,507.3,0.17438982468202133,2026-01-19/2026-01-25,False,True
Al-Karmel Boutique,Clothing Store,9423,2026-01-23,12,Friday,1,image,Behind the scenes from our team. | ahlan ya shabab | for Palestine #Nablus #Palestine #Gaza #Ramallah #Clinic #Beauty #Food #Fitness,132,8,0,298,18,0.0,Mixed,False,True,18.0,False,False,True,True,334.0,0.03544518730765149,2026-01-19/2026-01-25,False,False
Nablus Iron Club,Gym,2735,2026-01-24,15,Saturday,1,reel,Community vibes in Nablus. Call for appointment ???? #Coffee #Ramallah #Gaza #Food #Bookstore #Palestine,104,6,2,91,8,4207.0,English,True,False,0.0,False,False,True,False,527.7,0.19294332723948812,2026-01-19/2026-01-25,False,True
Nablus Linen Co,Clothing Store,2669,2026-01-24,13,Saturday,1,image,Community vibes in Bethlehem. DM us | ahlan ya shabab,53,7,2,95,13,0.0,Mixed,True,False,0.0,False,False,False,True,121.0,0.04533533158486325,2026-01-19/2026-01-25,False,False
Taste of Hebron,Restaurant,12512,2026-01-28,20,Wednesday,1,carousel,Customer favorite is back. ????????,35,5,3,292,13,0.0,Arabic,False,False,0.0,True,False,False,False,318.0,0.025415601023017903,2026-01-26/2026-02-01,False,False
Laila Hair & Nails,Beauty Salon,2528,2026-01-28,9,Wednesday,1,image,Community vibes in Gaza. ???????,32,5,4,75,2,0.0,Mixed,False,True,33.0,False,False,False,False,79.0,0.03125,2026-01-26/2026-02-01,False,False
Al-Quds Phone Repair,Local Services,1807,2026-01-29,2,Thursday,1,image,Fresh and ready today.,22,5,0,53,5,0.0,English,False,True,27.0,False,False,False,False,63.0,0.034864416159380185,2026-01-26/2026-02-01,False,False
Al-Amal Dental Clinic,Clinic,3179,2026-01-29,12,Thursday,1,carousel,New arrivals just landed. Book now ???????,42,4,3,109,8,0.0,Arabic,True,False,0.0,False,False,False,False,125.0,0.03932054105064486,2026-01-26/2026-02-01,False,False
Nablus Printing Studio,Local Services,3287,2026-01-30,21,Friday,1,image,Behind the scenes from our team. ?????????,42,2,6,74,5,0.0,Arabic,False,False,0.0,True,False,False,False,84.0,0.02555521752357773,2026-01-26/2026-02-01,False,False
Al-Amal Dental Clinic,Clinic,3179,2026-01-31,2,Saturday,1,reel,Fresh and ready today. DM us ???,32,8,2,66,8,6396.0,Arabic,True,False,0.0,True,False,False,True,721.6,0.22698961937716264,2026-01-26/2026-02-01,False,True
Olive Branch Books,Bookstore,4379,2026-02-01,20,Sunday,2,reel,Fresh and ready today. | ahlan ya shabab ?????????? #Clinic #Nablus #Bookstore #Food #SupportLocal,98,5,5,173,12,10658.0,Mixed,False,False,0.0,False,False,False,True,1262.8,0.28837634163050924,2026-01-26/2026-02-01,False,True
Laila Hair & Nails,Beauty Salon,2528,2026-02-01,18,Sunday,2,reel,New arrivals just landed. ???????? #Fitness #Food #Jerusalem #Palestine,71,4,6,73,4,6054.0,Arabic,False,False,0.0,False,False,False,True,686.4,0.27151898734177216,2026-01-26/2026-02-01,False,True
Ramallah Lash Bar,Beauty Salon,6223,2026-02-02,20,Monday,2,image,New arrivals just landed. | for Palestine ??????????,52,2,4,177,8,0.0,English,False,False,0.0,True,False,True,False,193.0,0.03101398039530773,2026-02-02/2026-02-08,False,False
Nablus Coffee Corner,Cafe,2909,2026-02-02,15,Monday,2,reel,Behind the scenes from our team. | ahlan ya shabab ?,52,6,1,72,3,4045.0,Mixed,False,False,0.0,False,False,False,True,482.5,0.16586455826744587,2026-02-02/2026-02-08,False,True
Nablus Coffee Corner,Cafe,2909,2026-02-03,22,Tuesday,2,reel,Fresh and ready today. Book now | ahlan ya shabab,49,3,1,85,8,1958.0,Mixed,True,False,0.0,False,False,False,True,296.8,0.10202818838088691,2026-02-02/2026-02-08,False,True
Ramallah Roastery,Cafe,4324,2026-02-03,3,Tuesday,2,image,Fresh and ready today. | baraka ????????? #Jerusalem #Food #Fitness #Clinic #Beauty #SupportLocal #Coffee,105,7,4,129,7,0.0,Arabic,False,False,0.0,False,True,False,True,143.0,0.03307123034227567,2026-02-02/2026-02-08,False,False
Sama Beauty Studio,Beauty Salon,5497,2026-02-04,20,Wednesday,2,image,Behind the scenes from our team. Tag a friend | ahlan ya shabab #Jerusalem #Hebron #Bookstore #Palestine,104,4,1,124,16,0.0,Arabic,True,False,0.0,True,False,False,True,156.0,0.02837911588138985,2026-02-02/2026-02-08,False,False
Olive Branch Books,Bookstore,4379,2026-02-04,20,Wednesday,2,reel,Behind the scenes from our team. Book now #Gaza #Nablus #Food #SmallBusiness #Ramallah,86,5,0,130,17,10132.0,Arabic,True,False,0.0,False,True,False,False,1177.2,0.26882849965745603,2026-02-02/2026-02-08,False,True
Al-Karmel Boutique,Clothing Store,9423,2026-02-07,12,Saturday,2,image,New arrivals just landed. DM us | ahlan ya shabab ????? #Clinic #SmallBusiness #Palestine #Hebron,97,4,3,403,37,0.0,Mixed,True,False,0.0,True,False,False,True,477.0,0.050620821394460364,2026-02-02/2026-02-08,False,False
Nablus Linen Co,Clothing Store,2669,2026-02-07,20,Saturday,2,image,Fresh and ready today. #Clinic #Bookstore #Beauty,49,3,5,68,6,0.0,English,False,False,0.0,False,False,False,False,80.0,0.029973772948669913,2026-02-02/2026-02-08,False,False
Nablus Linen Co,Clothing Store,2669,2026-02-08,17,Sunday,2,image,Fresh and ready today.,22,6,0,47,4,0.0,Arabic,False,False,0.0,False,False,False,True,55.0,0.020606968902210566,2026-02-02/2026-02-08,False,False
Sama Beauty Studio,Beauty Salon,5497,2026-02-09,21,Monday,2,image,Limited offer for this week. | ahlan ya shabab,46,6,6,156,13,0.0,Mixed,False,False,0.0,False,True,False,True,182.0,0.03310896852828816,2026-02-09/2026-02-15,False,False
Ramallah Family Clinic,Clinic,2924,2026-02-10,15,Tuesday,2,carousel,Ramadan-style menu ideas. Order on WhatsApp,43,5,3,75,4,0.0,English,True,True,0.0,False,False,False,False,83.0,0.02838577291381669,2026-02-09/2026-02-15,False,False
Hebron Fresh Bakery,Bakery,8873,2026-02-12,20,Thursday,2,carousel,"Support local, shop Palestinian. DM us ?? #Clinic #Fitness #Nablus #Palestine #Bookstore #Coffee #Hebron",104,7,1,181,20,0.0,English,True,True,26.0,True,False,False,False,221.0,0.02490702130057478,2026-02-09/2026-02-15,False,False
Al-Amal Dental Clinic,Clinic,3179,2026-02-13,20,Friday,2,reel,Customer favorite is back. Visit us today #SmallBusiness #Beauty #Clinic #Bookstore #Food,89,5,0,99,14,2357.0,Arabic,True,False,0.0,True,False,False,False,362.70000000000005,0.11409248191255113,2026-02-09/2026-02-15,False,True
Ramallah Readers,Bookstore,5527,2026-02-14,17,Saturday,2,image,Limited offer for this week. Share this ??,42,4,1,162,15,0.0,Arabic,True,False,0.0,True,False,False,True,192.0,0.03473855617875882,2026-02-09/2026-02-15,False,False
Nablus Linen Co,Clothing Store,2669,2026-02-15,13,Sunday,2,image,Limited offer for this week. | ahlan ya shabab #Fitness #Beauty #SupportLocal #Clinic,85,4,0,85,5,0.0,English,False,True,13.0,False,False,False,True,95.0,0.035593855376545525,2026-02-09/2026-02-15,False,False
Gaza Book Nook,Bookstore,2978,2026-02-16,10,Monday,2,image,Customer favorite is back. Tag a friend | ahlan ya shabab,57,10,1,90,10,0.0,Mixed,True,False,0.0,False,False,False,True,110.0,0.036937541974479515,2026-02-16/2026-02-22,False,False
Nablus Skin Center,Clinic,11174,2026-02-17,21,Tuesday,2,image,Ramadan-style menu ideas. #Bookstore #Fitness #Palestine #Clinic #Coffee #Hebron,80,6,0,389,29,0.0,Arabic,False,False,0.0,True,False,False,False,447.0,0.040003579738679074,2026-02-16/2026-02-22,False,False
Gaza Home Cleaning,Local Services,2776,2026-02-17,9,Tuesday,2,image,Fresh and ready today. #Beauty #Food #Nablus #Bookstore #Coffee,63,5,1,69,6,0.0,Arabic,False,False,0.0,False,False,False,True,81.0,0.029178674351585013,2026-02-16/2026-02-22,False,False
Jerusalem Saj Bakery,Bakery,5611,2026-02-17,9,Tuesday,2,reel,Customer favorite is back. ????? #Food #SupportLocal #Palestine #Jerusalem,74,4,3,139,6,2593.0,Arabic,False,True,8.0,False,False,False,False,410.3,0.07312422028158974,2026-02-16/2026-02-22,False,True
Al-Amal Dental Clinic,Clinic,3179,2026-02-21,13,Saturday,2,reel,Fresh and ready today. #Palestine #Food #Bookstore,50,3,0,112,5,3462.0,Arabic,False,True,2.0,True,False,False,False,468.20000000000005,0.1472790185592954,2026-02-16/2026-02-22,False,True
Sama Beauty Studio,Beauty Salon,5497,2026-02-22,6,Sunday,2,reel,"Support local, shop Palestinian.",32,5,3,175,7,9094.0,Arabic,False,False,0.0,True,False,False,True,1098.4,0.19981808259050393,2026-02-16/2026-02-22,False,True
Ramallah Fit Hub,Gym,1720,2026-02-22,13,Sunday,2,video,Community vibes in Nablus. Share this | ahlan ya shabab #Clinic #Coffee #SmallBusiness,86,3,4,52,7,4185.0,Arabic,True,False,0.0,False,False,False,True,484.5,0.28168604651162793,2026-02-16/2026-02-22,True,False
Canaan Threads,Clothing Store,8964,2026-02-25,20,Wednesday,2,image,Limited offer for this week. #Bookstore #Palestine #Jerusalem #Clinic #Ramallah,79,5,2,349,18,0.0,Arabic,False,False,0.0,False,False,False,False,385.0,0.0429495760821062,2026-02-23/2026-03-01,False,False
Al-Quds Phone Repair,Local Services,1807,2026-02-26,17,Thursday,2,carousel,Fresh and ready today. Share this | ahlan ya shabab,51,3,2,48,4,0.0,Mixed,True,False,0.0,False,False,False,True,56.0,0.03099059214167128,2026-02-23/2026-03-01,False,False
Gaza Power House,Gym,1688,2026-02-28,16,Saturday,2,reel,"Support local, shop Palestinian. ?? #Fitness #Bookstore #Palestine #SmallBusiness #Coffee #Jerusalem",100,6,1,58,3,1369.0,Arabic,False,False,0.0,False,False,False,True,200.9,0.11901658767772512,2026-02-23/2026-03-01,False,True
Gaza Book Nook,Bookstore,2978,2026-02-28,12,Saturday,2,reel,New arrivals just landed. Tag a friend ?????? #Nablus #Jerusalem #Gaza #Palestine #Hebron #Bookstore #SmallBusiness,115,7,3,68,7,6172.0,Arabic,True,False,0.0,True,False,False,False,699.2,0.23478844862323708,2026-02-23/2026-03-01,False,True
Nablus Printing Studio,Local Services,3287,2026-02-28,13,Saturday,2,image,Behind the scenes from our team. | ahlan ya shabab ????? #Beauty #Bookstore #Gaza #SmallBusiness #Clinic,104,5,3,98,4,0.0,English,False,False,0.0,False,False,False,True,106.0,0.032248250684514757,2026-02-23/2026-03-01,False,False
Canaan Threads,Clothing Store,8964,2026-03-02,17,Monday,3,reel,Limited offer for this week. Order on WhatsApp #SupportLocal #Fitness #Clinic #Beauty #Palestine,96,5,0,391,33,23900.0,Mixed,True,True,13.0,False,False,False,True,2847.0,0.3176037483266399,2026-03-02/2026-03-08,False,True
Ramallah Readers,Bookstore,5527,2026-03-02,10,Monday,3,image,Behind the scenes from our team. | ahlan ya shabab #Palestine #SmallBusiness #Coffee #Food #Jerusalem #SupportLocal #Clinic,123,7,0,100,7,0.0,Arabic,False,False,0.0,True,False,False,True,114.0,0.02062601773113805,2026-03-02/2026-03-08,False,False
Jerusalem Kitchen,Restaurant,10814,2026-03-02,10,Monday,3,image,Community vibes in Ramallah. | ahlan ya shabab,46,4,3,259,20,0.0,Arabic,False,False,0.0,False,False,False,True,299.0,0.027649343443684114,2026-03-02/2026-03-08,False,False
Gaza Sea Breeze Cafe,Cafe,14649,2026-03-03,0,Tuesday,3,reel,Customer favorite is back.,26,5,1,569,45,24345.0,Arabic,False,False,0.0,False,False,False,False,3093.5,0.2111748242200833,2026-03-02/2026-03-08,False,True
Falafel Al-Balad,Restaurant,11524,2026-03-06,12,Friday,3,image,Fresh and ready today. Book now #Bookstore #Ramallah #Palestine #Gaza #Fitness #Food #SmallBusiness,99,7,4,272,32,0.0,Arabic,True,False,0.0,True,False,True,False,336.0,0.02915654286706005,2026-03-02/2026-03-08,False,False
Strong Roots Gym,Gym,8112,2026-03-07,10,Saturday,3,reel,"Support local, shop Palestinian. #Ramallah #Jerusalem #Hebron #Clinic #Beauty #Food",83,6,3,250,13,11397.0,Mixed,False,False,0.0,False,False,False,False,1415.7,0.1745192307692308,2026-03-02/2026-03-08,False,True
Cafe Al-Quds,Cafe,12976,2026-03-07,19,Saturday,3,reel,Fresh and ready today. Order on WhatsApp ??????,47,6,2,357,32,18308.0,Arabic,True,False,0.0,False,False,False,True,2251.8,0.17353575832305795,2026-03-02/2026-03-08,False,True
Laila Hair & Nails,Beauty Salon,2528,2026-03-08,15,Sunday,3,carousel,Customer favorite is back. #Beauty #Jerusalem #Ramallah #Food #Fitness #SupportLocal #Coffee,92,7,6,51,1,0.0,Mixed,False,True,32.0,False,False,True,False,53.0,0.020965189873417722,2026-03-02/2026-03-08,False,False
Nablus Linen Co,Clothing Store,2669,2026-03-08,15,Sunday,3,video,Community vibes in Bethlehem. DM us ?? #Clinic #Fitness #Bookstore #Ramallah #Coffee,84,5,1,52,6,534.0,Arabic,True,False,0.0,True,False,False,False,117.4,0.0439865118021731,2026-03-02/2026-03-08,True,False
Ramallah Readers,Bookstore,5527,2026-03-09,9,Monday,3,image,Fresh and ready today. ? #Beauty #Bookstore #Food #Gaza #Palestine #Fitness,75,6,1,211,13,0.0,Arabic,False,False,0.0,True,False,False,True,237.0,0.04288040528315542,2026-03-09/2026-03-15,False,False
Laila Hair & Nails,Beauty Salon,2528,2026-03-10,19,Tuesday,3,video,Ramadan-style menu ideas.,25,6,4,52,2,4942.0,Mixed,False,True,0.0,True,False,False,True,550.2,0.21764240506329116,2026-03-09/2026-03-15,True,False
Nablus Skin Center,Clinic,11174,2026-03-10,10,Tuesday,3,reel,"Support local, shop Palestinian. ??",35,3,1,315,21,6078.0,Arabic,False,False,0.0,True,False,False,False,964.8000000000001,0.08634329693932344,2026-03-09/2026-03-15,False,True
Cafe Al-Quds,Cafe,12976,2026-03-11,1,Wednesday,3,image,Behind the scenes from our team. | ahlan ya shabab ???????? #Beauty #Gaza #Clinic #SmallBusiness #Jerusalem #Palestine,118,6,6,414,34,0.0,Arabic,False,False,0.0,True,False,False,True,482.0,0.037145499383477186,2026-03-09/2026-03-15,False,False
Gaza Home Cleaning,Local Services,2776,2026-03-13,8,Friday,3,reel,Ramadan-style menu ideas. Call for appointment ????????,55,3,5,101,13,4779.0,English,True,False,0.0,False,False,False,False,604.9000000000001,0.21790345821325652,2026-03-09/2026-03-15,False,True
Jerusalem Kitchen,Restaurant,10814,2026-03-14,9,Saturday,3,image,"Support local, shop Palestinian. Call for appointment ????? #SupportLocal #Coffee #SmallBusiness #Jerusalem #Palestine #Bookstore #Gaza #Nablus",143,9,3,129,10,0.0,Arabic,True,False,0.0,False,False,False,True,149.0,0.013778435361568338,2026-03-09/2026-03-15,False,False
Gaza Book Nook,Bookstore,2978,2026-03-15,21,Sunday,3,image,Ramadan-style menu ideas. | ahlan ya shabab ???????,51,3,4,99,9,0.0,Arabic,False,False,0.0,True,True,False,True,117.0,0.03928811282740094,2026-03-09/2026-03-15,False,False
Gaza Power House,Gym,1688,2026-03-15,22,Sunday,3,image,Limited offer for this week. ????????,37,4,3,67,6,0.0,English,False,False,0.0,False,False,False,False,79.0,0.046800947867298576,2026-03-09/2026-03-15,False,False
