business_name,sector,followers_count,post_date,posting_hour,day_of_week,month,post_type,caption_text,caption_length,hashtags_count,emoji_count,likes_count,comments_count,views_count,language,CTA_present,promo_post,discount_percent,mentions_location,religious_theme,patriotic_theme,arabic_dialect_style,sponsored,cta_present,hashtags,engagement,engagement_rate,like_rate,comment_rate,view_rate,view_engagement_rate,total_engagement,engagement_rate_followers,likes_rate_followers,comments_rate_followers,views_per_follower,like_view_rate,comment_view_rate,week,is_video,is_reel,posting_time_bin,caption_length_bin,hashtags_count_bin,emoji_count_bin,engagement_level,business_size_bin,high_engagement,high_view_rate,high_comment_rate,_clean_text,topic_id,topic_probability,business_label,topic_description
Vanilla Palestine,Cafe,139000.0,2025-02-05 00:00:00,0.0,Wednesday,2,Reel,شاركونا إجابتكم بالتعليقات 👇 #فانيلا_اليوم_وكل_يوم #vanilla_today_and_everyday,83,2,1,106.0,7.0,15200.0,Arabic,True,False,0.0,False,False,False,True,False,True,"['فانيلا_اليوم_وكل_يوم', 'vanilla_today_and_everyday']",113.0,0.0008129496,0.0007625899,5.03597e-05,0.109352518,0.0074342105,113.0,0.0008129496,0.0007625899,5.03597e-05,0.109352518,0.0069736842,0.0004605263,2025-02-03/2025-02-09,0,1,night,medium,few,few,low,medium,0,0,0,شاركونا اجابتكم بالتعليقات,3,0.18245983123779297,رسايل الصفحه عبر,Keyword-driven content theme detected from captions.
Vanilla Palestine,Cafe,139000.0,2025-02-04 00:00:00,0.0,Tuesday,2,Reel,What’s your favorite cake ❤️🍰? #VANILLA_Today_and_everyday,65,1,2,71.0,0.0,11000.0,English,True,False,0.0,False,False,False,False,False,True,['vanilla_today_and_everyday'],71.0,0.0005107914,0.0005107914,0.0,0.0791366906,0.0064545455,71.0,0.0005107914,0.0005107914,0.0,0.0791366906,0.0064545455,0.0,2025-02-03/2025-02-09,0,1,night,medium,few,few,low,medium,0,0,0,what s your favorite cake,4,0.4345681667327881,كريم Homemade,Keyword-driven content theme detected from captions.
Vanilla Palestine,Cafe,139000.0,2025-02-01 00:00:00,0.0,Saturday,2,Reel,كل يوم له بداية… وأجمل بداية بطاقة إيجابية #فانيلا_اليوم_وكل_يوم,72,1,0,153.0,1.0,12500.0,Arabic,False,False,0.0,False,False,False,True,False,False,['فانيلا_اليوم_وكل_يوم'],154.0,0.0011079137,0.0011007194,7.1942e-06,0.0899280576,0.01232,154.0,0.0011079137,0.0011007194,7.1942e-06,0.0899280576,0.01224,8e-05,2025-01-27/2025-02-02,0,1,night,medium,few,none,low,medium,0,0,0,كل له بدايه واجمل بدايه بطاقه ايجابيه,3,0.18789911270141602,رسايل الصفحه عبر,Keyword-driven content theme detected from captions.
Vanilla Palestine,Cafe,139000.0,2025-01-24 00:00:00,0.0,Friday,1,Reel,ومن أهم فوائدها إنها تذهب الحزن.. التلبينة النبوية.. صحية، فوائدها كثيرة ولذيذة هي طبق تقليدي قديم ذكرها الرسول محمد صلى الله عليه وسلم في أحاديث لها فيها من فوائد وشفاء #فانيلا_اليوم_وكل_يوم #vanilla_today_and_everyday,239,2,0,1313.0,0.0,214000.0,Arabic,False,False,0.0,False,True,False,True,False,False,"['فانيلا_اليوم_وكل_يوم', 'vanilla_today_and_everyday']",1313.0,0.0094460432,0.0094460432,0.0,1.5395683453,0.006135514,1313.0,0.0094460432,0.0094460432,0.0,1.5395683453,0.006135514,0.0,2025-01-20/2025-01-26,0,1,night,long,few,none,high,medium,1,0,0,ومن اهم فوايدها انها تذهب الحزن التلبينه النبويه صحيه، فوايدها كثيره ولذيذه هي طبق تقليدي قديم ذكرها الرسول محمد صلي الله عليه وسلم في احاديث لها فيها من فوايد وشفاء,5,0.21246212720870972,كيك فانيلا,Keyword-driven content theme detected from captions.
Vanilla Palestine,Cafe,139000.0,2023-10-03 00:00:00,0.0,Tuesday,10,Reel,استمر بالأكل أنت بأمان 😜🤤 #فانيلا_اليوم_وكل_يوم #طعام #وزن #أكل #كيك VANILLA #Today_and_Everyday #Food #Eating #Cake #Desserts,142,10,2,963.0,5.0,78200.0,Mixed,False,False,0.0,False,False,False,True,False,False,"['فانيلا_اليوم_وكل_يوم', 'طعام', 'وزن', 'أكل', 'كيك', 'today_and_everyday', 'food', 'eating', 'cake', 'desserts']",968.0,0.0069640288,0.0069280576,3.59712e-05,0.5625899281,0.0123785166,968.0,0.0069640288,0.0069280576,3.59712e-05,0.5625899281,0.012314578,6.39386e-05,2023-10-02/2023-10-08,0,1,night,long,many,few,medium,medium,0,0,0,استمر بالاكل انت بامان vanilla,2,0.34593671560287476,Vanilla تشيزكيك,Keyword-driven content theme detected from captions.
Vanilla Palestine,Cafe,139000.0,2023-10-01 00:00:00,0.0,Sunday,10,Reel,شرب القهوة بالليل يؤذي المعدة؟ 🤔 #فانيلا_اليوم_وكل_يوم #قهوة #الليل VANILLA #Today_and_Everyday #Coffee #Night,123,6,1,442.0,2.0,37600.0,Mixed,False,False,0.0,False,False,False,True,False,False,"['فانيلا_اليوم_وكل_يوم', 'قهوة', 'الليل', 'today_and_everyday', 'coffee', 'night']",444.0,0.0031942446,0.0031798561,1.43885e-05,0.2705035971,0.0118085106,444.0,0.0031942446,0.0031798561,1.43885e-05,0.2705035971,0.0117553191,5.31915e-05,2023-09-25/2023-10-01,0,1,night,medium,many,few,low,medium,0,0,0,شرب القهوه بالليل يوذي المعده؟ vanilla,2,0.429690420627594,Vanilla تشيزكيك,Keyword-driven content theme detected from captions.
Vanilla Palestine,Cafe,139000.0,2023-09-23 00:00:00,0.0,Saturday,9,Reel,عرفتوا ايش هو الريجيم الصحيح؟ 🤔 #ريجيم #طعام #حلويات #فانيلا_اليوم_وكل_يوم #كيك #قهوة Diet #Food #Desserts #VANILLA #Today_and_Everyday #Cake #Coffee,177,12,1,557.0,5.0,103000.0,Mixed,True,False,0.0,False,False,False,True,False,True,"['ريجيم', 'طعام', 'حلويات', 'فانيلا_اليوم_وكل_يوم', 'كيك', 'قهوة', 'food', 'desserts', 'vanilla', 'today_and_everyday', 'cake', 'coffee']",562.0,0.0040431655,0.0040071942,3.59712e-05,0.7410071942,0.0054563107,562.0,0.0040431655,0.0040071942,3.59712e-05,0.7410071942,0.005407767,4.85437e-05,2023-09-18/2023-09-24,0,1,night,long,many,few,medium,medium,0,0,0,عرفتوا ايش هو الريجيم الصحيح؟ diet,2,0.13360661268234253,Vanilla تشيزكيك,Keyword-driven content theme detected from captions.
Vanilla Palestine,Cafe,139000.0,2023-09-20 00:00:00,0.0,Wednesday,9,Reel,تنفسنا أم لِجين ستبقى حينين 💕 PS💕,35,0,2,327.0,1.0,13100.0,Arabic,False,False,0.0,False,False,False,True,False,False,[],328.0,0.0023597122,0.002352518,7.1942e-06,0.0942446043,0.0250381679,328.0,0.0023597122,0.002352518,7.1942e-06,0.0942446043,0.0249618321,7.63359e-05,2023-09-18/2023-09-24,0,1,night,short,none,few,low,medium,0,0,0,تنفسنا ام لجين ستبقي حينين ps,1,0.18509554862976074,نابلس فانيلا,Keyword-driven content theme detected from captions.
Vanilla Palestine,Cafe,139000.0,2023-09-19 00:00:00,0.0,Tuesday,9,Reel,مين فيكم تركيزه هيك الصبح؟ 😂 #فانيلا_اليوم_وكل_يوم #قهوة #الصباح VANILLA #Today_and_Everyday #Coffee #Morning,124,6,1,467.0,9.0,139000.0,Mixed,True,False,0.0,False,False,False,True,False,True,"['فانيلا_اليوم_وكل_يوم', 'قهوة', 'الصباح', 'today_and_everyday', 'coffee', 'morning']",476.0,0.0034244604,0.0033597122,6.47482e-05,1.0,0.0034244604,476.0,0.0034244604,0.0033597122,6.47482e-05,1.0,0.0033597122,6.47482e-05,2023-09-18/2023-09-24,0,1,night,medium,many,few,low,medium,0,0,0,مين فيكم تركيزه هيك الصبح؟ vanilla,2,0.3423748016357422,Vanilla تشيزكيك,Keyword-driven content theme detected from captions.
Vanilla Palestine,Cafe,139000.0,2023-09-18 00:00:00,0.0,Monday,9,Reel,طول بالك! 😂🤭 لما تتعب بالزينة بالاخر يغير رأيه الزبون ويصير بده اياها برا! #فانيلا_اليوم_وكل_يوم #كيك #زينة #قهوة #طول_بالك VANILLA #Today_and_Everyday #Cake #Coffee,201,8,2,885.0,3.0,146000.0,Mixed,False,False,0.0,False,False,False,True,False,False,"['فانيلا_اليوم_وكل_يوم', 'كيك', 'زينة', 'قهوة', 'طول_بالك', 'today_and_everyday', 'cake', 'coffee']",888.0,0.0063884892,0.0063669065,2.15827e-05,1.0503597122,0.0060821918,888.0,0.0063884892,0.0063669065,2.15827e-05,1.0503597122,0.0060616438,2.05479e-05,2023-09-18/2023-09-24,0,1,night,long,many,few,medium,medium,0,0,0,لما تتعب بالزينه بالاخر يغير رايه الزبون ويصير بده اياها برا vanilla,5,0.5143282413482666,كيك فانيلا,Keyword-driven content theme detected from captions.
Vanilla Palestine,Cafe,139000.0,2023-09-17 00:00:00,0.0,Sunday,9,Reel,NEW! 🥳 Mix Berries Cake 🥳 The cake you always dreamed about is now available at all VANILLA Branches 😋😋 #Mixberries #Cake #New #VANILLA #Today_and_Everyday #CakeAndCoffee #كيك #مكس_بيريز #جديد #فانيلا_اليوم_وكل_يوم,260,10,6,1063.0,0.0,106000.0,Mixed,True,True,0.0,True,False,False,True,False,True,"['mixberries', 'cake', 'new', 'vanilla', 'today_and_everyday', 'cakeandcoffee', 'كيك', 'مكس_بيريز', 'جديد', 'فانيلا_اليوم_وكل_يوم']",1063.0,0.007647482,0.007647482,0.0,0.7625899281,0.0100283019,1063.0,0.007647482,0.007647482,0.0,0.7625899281,0.0100283019,0.0,2023-09-11/2023-09-17,0,1,night,long,many,many,medium,medium,0,0,0,mix berries the you always dreamed about is now available at all branches,2,0.09466016292572021,Vanilla تشيزكيك,Keyword-driven content theme detected from captions.
Vanilla Palestine,Cafe,139000.0,2023-09-13 00:00:00,0.0,Wednesday,9,Reel,جربتوا الطرطقة؟ 🤭🤔 VANILLA® Cake & Coffee . chocolatetriffle #VANILLA #today_and_everyday #Cake #Coffee #فانيلا #كيك #شوكولاتة #قهوة #اليوم_وكل_يوم #Chocolate #triffle,210,11,2,1721.0,23.0,140000.0,Mixed,True,False,0.0,False,False,False,True,False,True,"['vanilla', 'today_and_everyday', 'cake', 'coffee', 'فانيلا', 'كيك', 'شوكولاتة', 'قهوة', 'اليوم_وكل_يوم', 'chocolate', 'triffle']",1744.0,0.0125467626,0.012381295,0.0001654676,1.0071942446,0.0124571429,1744.0,0.0125467626,0.012381295,0.0001654676,1.0071942446,0.0122928571,0.0001642857,2023-09-11/2023-09-17,0,1,night,long,many,few,high,medium,1,0,0,جربتوا الطرطقه؟ chocolatetriffle,2,0.2920668125152588,Vanilla تشيزكيك,Keyword-driven content theme detected from captions.
Vanilla Palestine,Cafe,139000.0,2023-09-12 00:00:00,0.0,Tuesday,9,Reel,قاعدين على قلوبكم ❤️🥳 #فانيلا_اليوم_وكل_يوم #كيك #قهوة #وينجز #مشاريب VANILLA #Today_and_Everyday #wings #coffee #cake #drinks,156,10,2,1080.0,7.0,143000.0,Mixed,False,False,0.0,False,False,False,True,False,False,"['فانيلا_اليوم_وكل_يوم', 'كيك', 'قهوة', 'وينجز', 'مشاريب', 'today_and_everyday', 'wings', 'coffee', 'cake', 'drinks']",1087.0,0.0078201439,0.0077697842,5.03597e-05,1.0287769784,0.0076013986,1087.0,0.0078201439,0.0077697842,5.03597e-05,1.0287769784,0.0075524476,4.8951e-05,2023-09-11/2023-09-17,0,1,night,long,many,few,medium,medium,0,0,0,قاعدين علي قلوبكم vanilla,5,0.6744610071182251,كيك فانيلا,Keyword-driven content theme detected from captions.
Vanilla Palestine,Cafe,139000.0,2023-09-10 00:00:00,0.0,Sunday,9,Reel,"Taste Like Home CN, Noodles that will make you crave for more Want some? Get some. ❤️ . بفرع الطيرة فقط، وقرّباً نابلس #Today_and_Everyday #noodles #نودلز #اليوم_وكل_يوم",203,4,1,221.0,5.0,33800.0,Mixed,True,True,0.0,True,False,False,True,False,True,"['today_and_everyday', 'noodles', 'نودلز', 'اليوم_وكل_يوم']",226.0,0.0016258993,0.0015899281,3.59712e-05,0.2431654676,0.0066863905,226.0,0.0016258993,0.0015899281,3.59712e-05,0.2431654676,0.0065384615,0.000147929,2023-09-04/2023-09-10,0,1,night,long,few,few,low,medium,0,0,0,taste like home cn that will make you crave for more want some get some بفرع الطيره فقط، وقربا نابلس,2,0.25550615787506104,Vanilla تشيزكيك,Keyword-driven content theme detected from captions.
Vanilla Palestine,Cafe,139000.0,2023-09-09 00:00:00,0.0,Saturday,9,Reel,Rainbow Cake 😋😋 #rainbowcake #Today_and_Everyday #VANILLA #فانيلا #اليوم_وكل_يوم #رينبوكيك,111,6,2,275.0,4.0,110000.0,Mixed,False,False,0.0,False,False,False,True,False,False,"['rainbowcake', 'today_and_everyday', 'vanilla', 'فانيلا', 'اليوم_وكل_يوم', 'رينبوكيك']",279.0,0.0020071942,0.0019784173,2.8777e-05,0.7913669065,0.0025363636,279.0,0.0020071942,0.0019784173,2.8777e-05,0.7913669065,0.0025,3.63636e-05,2023-09-04/2023-09-10,0,1,night,medium,many,few,low,medium,0,0,0,rainbow cake,4,0.30063045024871826,كريم Homemade,Keyword-driven content theme detected from captions.
Vanilla Palestine,Cafe,139000.0,2023-09-08 00:00:00,0.0,Friday,9,Reel,There is no better way to bring people together than with Coffee and Cake! 😋 . #today_and_everyday #desserts #coffee #كيك #اليوم_وكل_يوم #قهوة,169,6,1,129.0,0.0,105000.0,Mixed,False,False,0.0,False,False,False,False,False,False,"['today_and_everyday', 'desserts', 'coffee', 'كيك', 'اليوم_وكل_يوم', 'قهوة']",129.0,0.0009280576,0.0009280576,0.0,0.7553956835,0.0012285714,129.0,0.0009280576,0.0009280576,0.0,0.7553956835,0.0012285714,0.0,2023-09-04/2023-09-10,0,1,night,long,many,few,low,medium,0,0,0,there is no better way to bring people together than with cake,4,0.22665667533874512,كريم Homemade,Keyword-driven content theme detected from captions.
Vanilla Palestine,Cafe,139000.0,2023-09-06 00:00:00,0.0,Wednesday,9,Reel,Orchestrate your mornings to the tune of VANILLA® coffee.. . #today_and_everyday #الصباح #قهوة #فانيلا #اليوم_وكل_يوم #VANILLA #coffee #morning #trending,177,9,0,216.0,0.0,132000.0,Mixed,False,False,0.0,False,False,False,False,False,False,"['today_and_everyday', 'الصباح', 'قهوة', 'فانيلا', 'اليوم_وكل_يوم', 'vanilla', 'coffee', 'morning', 'trending']",216.0,0.0015539568,0.0015539568,0.0,0.9496402878,0.0016363636,216.0,0.0015539568,0.0015539568,0.0,0.9496402878,0.0016363636,0.0,2023-09-04/2023-09-10,0,1,night,long,many,none,low,medium,0,0,0,orchestrate your mornings to the tune of,1,0.08800399303436279,نابلس فانيلا,Keyword-driven content theme detected from captions.
Vanilla Palestine,Cafe,139000.0,2023-08-24 00:00:00,0.0,Thursday,8,Reel,⚠️ اكتشفوا شو الغلط الفادح! اللي صار بالفيديو واكتبوه بالتعليقات لندخل معاً محاولة للسحب مع وحبيبنا شاروما رول 🌯 ومشروب من المشاريب الصيفية الجديدة 🍹 🟢 السحب الصحيح الحاصل على أكبر عدد من اللايكات 🔴 ينتهي السحب في غضون ثلاثة أيام من تاريخ 28/8 😅 شو تستنوا احضروا الفيديو وشاركوه مع أصحابكم 🥳 ملاحظة الجائزة محصورة فقط لطلبة المدرسة، يلي يسي سي سي مي #فانيلا_اليوم_وكل_يوم #مسابقة VANILLA #Today_and_Everyday #competition,510,4,11,453.0,102.0,107000.0,Arabic,True,True,0.0,False,False,False,True,False,True,"['فانيلا_اليوم_وكل_يوم', 'مسابقة', 'today_and_everyday', 'competition']",555.0,0.0039928058,0.0032589928,0.0007338129,0.7697841727,0.0051869159,555.0,0.0039928058,0.0032589928,0.0007338129,0.7697841727,0.0042336449,0.000953271,2023-08-21/2023-08-27,0,1,night,long,few,many,low,medium,0,0,1,اكتشفوا شو الغلط الفادح اللي صار بالفيديو واكتبوه بالتعليقات لندخل معا محاوله للسحب مع وحبيبنا شاروما رول ومشروب من المشاريب الصيفيه الجديده السحب الصحيح الحاصل علي اكبر عدد من اللايكات ينتهي السحب في غضون ثلاثه ايام من تاريخ 28 8 شو تستنوا احضروا الفيديو وشاركوه مع اصحابكم ملاحظه الجايزه محصوره فقط لطلبه المدرسه، يلي يسي سي سي مي vanilla,5,0.6091474890708923,كيك فانيلا,Keyword-driven content theme detected from captions.
Vanilla Palestine,Cafe,139000.0,2023-08-22 00:00:00,0.0,Tuesday,8,Reel,"I’m not a vegetarian, I’m a dessertarian! 🤤🍰 #vanilla #desserts #cake #today_and_everyday #فانيلا #كيك #اليوم_وكل_يوم #سعادة",154,8,2,373.0,0.0,112000.0,Mixed,False,False,0.0,False,False,False,False,False,False,"['vanilla', 'desserts', 'cake', 'today_and_everyday', 'فانيلا', 'كيك', 'اليوم_وكل_يوم', 'سعادة']",373.0,0.0026834532,0.0026834532,0.0,0.8057553957,0.0033303571,373.0,0.0026834532,0.0026834532,0.0,0.8057553957,0.0033303571,0.0,2023-08-21/2023-08-27,0,1,night,long,many,few,low,medium,0,0,0,i m not a vegetarian i m a dessertarian,2,0.11500817537307739,Vanilla تشيزكيك,Keyword-driven content theme detected from captions.
Vanilla Palestine,Cafe,139000.0,2023-08-21 00:00:00,0.0,Monday,8,Reel,You can’t buy Happiness but you can buy Ice Cream 😋 . #vanilla #today_and_everyday #icecream #فانيلا #اليوم_وكل_يوم #ايسكريم,146,6,1,481.0,0.0,130000.0,Mixed,False,False,0.0,False,False,False,False,False,False,"['vanilla', 'today_and_everyday', 'icecream', 'فانيلا', 'اليوم_وكل_يوم', 'ايسكريم']",481.0,0.0034604317,0.0034604317,0.0,0.9352517986,0.0037,481.0,0.0034604317,0.0034604317,0.0,0.9352517986,0.0037,0.0,2023-08-21/2023-08-27,0,1,night,long,many,few,low,medium,0,0,0,you can t buy happiness but you can buy ice cream,2,0.14670145511627197,Vanilla تشيزكيك,Keyword-driven content theme detected from captions.
Vanilla Palestine,Cafe,139000.0,2023-08-20 00:00:00,0.0,Sunday,8,Reel,😋 قطعها..غرفها..غمسها.. فوكاشا من فانيلا صنعت بحب 🥰 Focaccia #FreshlyBaked #yummy #Breakfast #VANILLA #VANILLA_Today_and_everyday #فانيلا #فانيلا_اليوم_وكل_يوم,197,8,2,157.0,1.0,108000.0,Mixed,False,True,0.0,False,False,False,True,False,False,"['freshlybaked', 'yummy', 'breakfast', 'vanilla', 'vanilla_today_and_everyday', 'فانيلا', 'فانيلا_اليوم_وكل_يوم']",158.0,0.0011366906,0.0011294964,7.1942e-06,0.7769784173,0.001462963,158.0,0.0011366906,0.0011294964,7.1942e-06,0.7769784173,0.0014537037,9.2593e-06,2023-08-14/2023-08-20,0,1,night,long,many,few,low,medium,0,0,0,قطعها غرفها غمسها فوكاشا من صنعت بحب focaccia,1,0.05266249179840088,نابلس فانيلا,Keyword-driven content theme detected from captions.
Vanilla Palestine,Cafe,139000.0,2023-08-16 00:00:00,0.0,Wednesday,8,Reel,🍓🥛 مع حليب أو مع برتقال 🍊؟ شاركونا كيف بتفضلوها 😋🥰 الميلك بيريز ميلك شيك 🍓 Mixied Berries Milkshake #mixesberries #milkshake ★★★★★ VANILLA #VANILLA_Today_and_everyday #فانيلا #فانيلا_اليوم_وكل_يوم,248,6,6,475.0,22.0,308000.0,Mixed,True,True,0.0,False,False,False,True,False,True,"['mixesberries', 'milkshake', 'vanilla_today_and_everyday', 'فانيلا', 'فانيلا_اليوم_وكل_يوم']",497.0,0.0035755396,0.0034172662,0.0001582734,2.2158273381,0.0016136364,497.0,0.0035755396,0.0034172662,0.0001582734,2.2158273381,0.0015422078,7.14286e-05,2023-08-14/2023-08-20,0,1,night,long,many,many,low,medium,0,1,0,مع حليب او مع برتقال ؟ شاركونا كيف بتفضلوها الميلك بيريز ميلك شيك mixied berries,5,0.24785977602005005,كيك فانيلا,Keyword-driven content theme detected from captions.
Vanilla Palestine,Cafe,139000.0,2023-08-13 00:00:00,0.0,Sunday,8,Reel,SanSebastian Cheesecake 🤤😋 تنتقل الى عالم آخر بمجرد البدء بسكب الكراميل على سان سيباستيان تشيزكيك 🤤🤍 #سانسيباستيان #cheesecake #sansebastian #VANILLA #Today_and_Everyday #فانيلا_اليوم_وكل_يوم,236,6,5,561.0,13.0,136000.0,Mixed,False,True,0.0,False,False,False,True,False,False,"['سانسيباستيان', 'cheesecake', 'sansebastian', 'vanilla', 'today_and_everyday', 'فانيلا_اليوم_وكل_يوم']",574.0,0.0041294964,0.0040359712,9.35252e-05,0.9784172662,0.0042205882,574.0,0.0041294964,0.0040359712,9.35252e-05,0.9784172662,0.004125,9.55882e-05,2023-08-07/2023-08-13,0,1,night,long,many,many,medium,medium,0,0,0,تنتقل الي عالم اخر بمجرد البدء بسكب الكراميل علي سان سيباستيان تشيزكيك,1,0.07431244850158691,نابلس فانيلا,Keyword-driven content theme detected from captions.
Vanilla Palestine,Cafe,139000.0,2023-08-11 00:00:00,0.0,Friday,8,Reel,No no no Wait wait wait🤭🤣 إذا كان عن تجربتكم مع فرنش توست فانيلا 😍😋 🍞⏳ بالخبز الفرنسي المصنوع في مخبز فانيلا #فانيلا_اليوم_وكل_يوم #frenchtoast #vanilla #bakery,194,4,7,665.0,30.0,137000.0,Mixed,False,True,0.0,False,False,False,True,False,False,"['فانيلا_اليوم_وكل_يوم', 'frenchtoast', 'vanilla', 'bakery']",695.0,0.005,0.0047841727,0.0002158273,0.9856115108,0.0050729927,695.0,0.005,0.0047841727,0.0002158273,0.9856115108,0.0048540146,0.0002189781,2023-08-07/2023-08-13,0,1,night,long,few,many,medium,medium,0,0,1,no no no wait wait wait اذا كان عن تجربتكم مع فرنش توست بالخبز الفرنسي المصنوع في مخبز,5,0.43096059560775757,كيك فانيلا,Keyword-driven content theme detected from captions.
Vanilla Palestine,influancers,87300.0,2025-05-08 00:00:00,0.0,Thursday,5,reel,The NEW Italiano Pudding Tiramisu 😊😊 فانيلا اليوم وكل يوم... #VANILLA_Today_and_everyday #vanilla #dessert #vanilla_cake,129,4,2,1502.0,1500.0,561000.0,Arabic-English,False,True,0.0,False,False,False,False,False,False,"['vanilla_today_and_everyday', 'vanilla', 'dessert', 'vanilla_cake']",3002.0,0.0343871707,0.0172050401,0.0171821306,6.4261168385,0.0053511586,3002.0,0.0343871707,0.0172050401,0.0171821306,6.4261168385,0.0026773619,0.0026737968,2025-05-05/2025-05-11,0,1,night,medium,few,few,high,small,1,1,1,the new italiano pudding tiramisu فانيلا اليوم وكل يوم,2,0.2611079812049866,Vanilla تشيزكيك,Keyword-driven content theme detected from captions.
Vanilla Palestine,influancers,87300.0,2025-05-05 00:00:00,0.0,Monday,5,reel,فانيلا إلها حكاية... والحكاية بلشت من هون. فانيلا اليوم وكل يوم... #VANILLA_Today_and_everyday #vanilla #dessert #vanilla_cake,132,4,0,2414.0,2500.0,591000.0,Arabic,False,True,0.0,True,False,False,False,False,False,"['vanilla_today_and_everyday', 'vanilla', 'dessert', 'vanilla_cake']",4914.0,0.0562886598,0.0276517755,0.0286368843,6.7697594502,0.0083147208,4914.0,0.0562886598,0.0276517755,0.0286368843,6.7697594502,0.0040846024,0.0042301184,2025-05-05/2025-05-11,0,1,night,medium,few,none,high,small,1,1,1,فانيلا الها حكايه والحكايه بلشت من هون فانيلا اليوم وكل يوم,1,0.24801743030548096,نابلس فانيلا,Keyword-driven content theme detected from captions.
Vanilla Palestine,influancers,87300.0,2025-05-04 00:00:00,0.0,Sunday,5,reel,هوية فلسطينية مية بالمية 💪 By Palestinian artist @natalienajjarstudio فانيلا اليوم وكل يوم... #VANILLA_Today_and_everyday #vanilla #dessert #vanilla_cake,169,4,1,788.0,800.0,201000.0,Arabic-English,False,True,0.0,False,False,True,False,False,False,"['vanilla_today_and_everyday', 'vanilla', 'dessert', 'vanilla_cake']",1588.0,0.0181901489,0.0090263459,0.009163803,2.3024054983,0.0079004975,1588.0,0.0181901489,0.0090263459,0.009163803,2.3024054983,0.003920398,0.0039800995,2025-04-28/2025-05-04,0,1,night,long,few,few,high,small,1,1,1,هويه فلسطينيه ميه بالميه by palestinian artist فانيلا اليوم وكل يوم,5,0.5057686567306519,كيك فانيلا,Keyword-driven content theme detected from captions.
Vanilla Palestine,influancers,87300.0,2025-05-01 00:00:00,0.0,Thursday,5,reel,بتشاركوهم ولا بتخلصهم لحالك؟ 🥺 Share it? Or all yours 🥺؟ فانيلا اليوم وكل يوم... #VANILLA_Today_and_everyday #vanilla #dessert #vanilla_cake,154,4,2,678.0,680.0,186000.0,Arabic-English,True,True,0.0,False,False,False,False,False,True,"['vanilla_today_and_everyday', 'vanilla', 'dessert', 'vanilla_cake']",1358.0,0.0155555556,0.007766323,0.0077892325,2.1305841924,0.0073010753,1358.0,0.0155555556,0.007766323,0.0077892325,2.1305841924,0.0036451613,0.003655914,2025-04-28/2025-05-04,0,1,night,long,few,few,high,small,1,1,1,بتشاركوهم ولا بتخلصهم لحالك؟ share it or all yours ؟ فانيلا اليوم وكل يوم,5,0.3777533769607544,كيك فانيلا,Keyword-driven content theme detected from captions.
Vanilla Palestine,influancers,87300.0,2025-04-28 00:00:00,0.0,Monday,4,reel,جنجر تويست 😋 مش بس تبريد.. بصحي كل خلية فيك 🍹😍 جربوه بجميع فروع فانيلا 🤩 فانيلا اليوم وكل يوم... #ginger_Twist #vanilla #جنجر_تويست,149,3,5,356.0,360.0,361000.0,Arabic,True,True,0.0,False,False,False,False,False,True,"['ginger_twist', 'vanilla', 'جنجر_تويست']",716.0,0.0082016037,0.0040778923,0.0041237113,4.1351660939,0.0019833795,716.0,0.0082016037,0.0040778923,0.0041237113,4.1351660939,0.0009861496,0.0009972299,2025-04-28/2025-05-04,0,1,night,long,few,many,medium,small,0,1,1,مش بس تبريد بصحي كل خليه فيك جربوه بجميع فروع فانيلا فانيلا اليوم وكل يوم,3,0.20360004901885986,رسايل الصفحه عبر,Keyword-driven content theme detected from captions.
Vanilla Palestine,influancers,87300.0,2025-04-26 00:00:00,0.0,Saturday,4,reel,نقطة ضعف... بطعم الفيريرو 🍰😊😋 فانيلا اليوم وكل يوم... #ferraro-cheesecake #vanilla,96,2,3,288.0,280.0,370000.0,Arabic,False,True,0.0,False,False,False,False,False,False,"['ferrarocheesecake', 'vanilla']",568.0,0.0065063001,0.0032989691,0.003207331,4.2382588774,0.0015351351,568.0,0.0065063001,0.0032989691,0.003207331,4.2382588774,0.0007783784,0.0007567568,2025-04-21/2025-04-27,0,1,night,medium,few,few,medium,small,0,1,1,نقطه ضعف بطعم الفيريرو فانيلا اليوم وكل يوم,2,0.19550293684005737,Vanilla تشيزكيك,Keyword-driven content theme detected from captions.
Vanilla Palestine,influancers,87300.0,2025-04-23 00:00:00,0.0,Wednesday,4,reel,المشكلة الوحيدة انها بتخلص بسرعة 😊 فانيلا اليوم وكل يوم... #Macaroons #vanilla,84,2,1,200.0,200.0,238000.0,Arabic,False,True,0.0,False,False,False,False,False,False,"['macaroons', 'vanilla']",400.0,0.0045819015,0.0022909507,0.0022909507,2.726231386,0.0016806723,400.0,0.0045819015,0.0022909507,0.0022909507,2.726231386,0.0008403361,0.0008403361,2025-04-21/2025-04-27,0,1,night,medium,few,few,medium,small,0,1,1,المشكله الوحيده انها بتخلص بسرعه فانيلا اليوم وكل يوم,1,0.05553627014160156,نابلس فانيلا,Keyword-driven content theme detected from captions.
Vanilla Palestine,influancers,87300.0,2025-04-15 00:00:00,0.0,Tuesday,4,reel,POV: You Visit Vanilla To Taste This Famous Cheesecake 😎😊 #cheesecake #sansebastian #todayandeveryday,112,3,2,747.0,750.0,1000000.0,English,False,True,0.0,False,False,False,False,False,False,"['cheesecake', 'sansebastian', 'todayandeveryday']",1497.0,0.0171477663,0.008556701,0.0085910653,11.4547537228,0.001497,1497.0,0.0171477663,0.008556701,0.0085910653,11.4547537228,0.000747,0.00075,2025-04-14/2025-04-20,0,1,night,medium,few,few,high,small,1,1,1,pov you visit vanilla to taste this famous,2,0.35746175050735474,Vanilla تشيزكيك,Keyword-driven content theme detected from captions.
Vanilla Palestine,influancers,87300.0,2025-04-08 00:00:00,0.0,Tuesday,4,reel,🎉 وصلت تشكيلتنا الجديدة من علب الكيك الصغيرة... نكهات فخمة بحجم لطيف ترضي كل الأذواق 😍✨ كيك دبي بنكهتنا الغنية ✨ كيك الفراولة المنعشة 🍓 بلاك فورست لعشاق الشوكولاتة 🍫 كيك التيراميسو الإيطالية الفاخرة 🤎 كيك الكنافة الشرقية بلمسة عصرية 🥛 علب مثالية للإهداء أو الضيافة 😍💝 #cakebox #vanilla #todayandeveryday #reelsvideo,358,4,11,1611.0,1600.0,511000.0,Arabic,False,True,0.0,False,False,False,False,False,False,"['cakebox', 'vanilla', 'todayandeveryday', 'reelsvideo']",3211.0,0.0367812142,0.0184536082,0.018327606,5.8533791523,0.0062837573,3211.0,0.0367812142,0.0184536082,0.018327606,5.8533791523,0.0031526419,0.0031311155,2025-04-07/2025-04-13,0,1,night,long,few,many,high,small,1,1,1,وصلت تشكيلتنا الجديده من علب الكيك الصغيره نكهات فخمه بحجم لطيف ترضي كل الاذواق كيك دبي بنكهتنا الغنيه كيك الفراوله المنعشه بلاك فورست لعشاق الشوكولاته كيك التيراميسو الايطاليه الفاخره كيك الكنافه الشرقيه بلمسه عصريه علب مثاليه للاهداء او الضيافه,5,0.6018166542053223,كيك فانيلا,Keyword-driven content theme detected from captions.
Vanilla Palestine,influancers,87300.0,2025-03-28 00:00:00,0.0,Friday,3,reel,Pure delight in every bite! 😍 Homemade Delicious 😊 Crispy Coco Cake #vanilla_today_and_everyday,103,1,2,1983.0,2000.0,1000000.0,English,False,True,0.0,False,False,False,False,False,False,['vanilla_today_and_everyday'],3983.0,0.0456242841,0.0227147766,0.0229095074,11.4547537228,0.003983,3983.0,0.0456242841,0.0227147766,0.0229095074,11.4547537228,0.001983,0.002,2025-03-24/2025-03-30,0,1,night,medium,few,few,high,small,1,1,1,pure delight in every bite homemade delicious crispy coco cake,4,0.43357813358306885,كريم Homemade,Keyword-driven content theme detected from captions.
Vanilla Palestine,influancers,87300.0,2025-03-21 00:00:00,0.0,Friday,3,reel,تناغم عجيب للنكهات اللذيذة.. 👌🍰 جربوا الآن سان ميسو تشيزكيك الجديدة من فانيلا 😍 #VANILLA_Today_and_everyday #فانيلا_اليوم_وكل_يوم,143,2,4,750.0,750.0,702000.0,Arabic,True,True,0.0,False,False,False,False,False,True,"['vanilla_today_and_everyday', 'فانيلا_اليوم_وكل_يوم']",1500.0,0.0171821306,0.0085910653,0.0085910653,8.0412371134,0.0021367521,1500.0,0.0171821306,0.0085910653,0.0085910653,8.0412371134,0.0010683761,0.0010683761,2025-03-17/2025-03-23,0,1,night,long,few,many,high,small,1,1,1,تناغم عجيب للنكهات اللذيذه جربوا الان سان ميسو تشيزكيك الجديده من,2,0.40544360876083374,Vanilla تشيزكيك,Keyword-driven content theme detected from captions.
Vanilla Palestine,influancers,87300.0,2025-03-17 00:00:00,0.0,Monday,3,reel,أمي.. كل عام وانتِ أجمل نعمة 💜🎂 هلا بتقدرو تحجزو كيكة يوم الأم من فانيلا 💌 الحجوزات عبر رسائل الصفحة #mothersday #happymothersday #VANILLA_Today_and_everyday #فانيلا_اليوم_وكل_يوم #يوم_الأم,218,5,4,53.0,60.0,68300.0,Arabic,True,True,0.0,False,False,False,False,False,True,"['mothersday', 'happymothersday', 'vanilla_today_and_everyday', 'فانيلا_اليوم_وكل_يوم', 'يوم_الأم']",113.0,0.0012943872,0.0006071019,0.0006872852,0.7823596793,0.0016544656,113.0,0.0012943872,0.0006071019,0.0006872852,0.7823596793,0.0007759883,0.0008784773,2025-03-17/2025-03-23,0,1,night,long,many,many,low,small,0,0,1,امي كل عام وانت اجمل نعمه هلا بتقدرو تحجزو كيكه من الحجوزات عبر رسايل الصفحه,3,0.44722139835357666,رسايل الصفحه عبر,Keyword-driven content theme detected from captions.
Vanilla Palestine,influancers,87300.0,2025-03-17 00:00:00,0.0,Monday,3,reel,أمي.. كل عام وانتِ أجمل نعمة 💜🎂 هلا بتقدرو تحجزو كيكة يوم الأم من فانيلا 💌 الحجوزات عبر رسائل الصفحة #mothersday #happymothersday #VANILLA_Today_and_everyday #فانيلا_اليوم_وكل_يوم #يوم_الأم,218,5,4,214.0,214.0,162000.0,Arabic,True,True,0.0,False,False,False,False,False,True,"['mothersday', 'happymothersday', 'vanilla_today_and_everyday', 'فانيلا_اليوم_وكل_يوم', 'يوم_الأم']",428.0,0.0049026346,0.0024513173,0.0024513173,1.8556701031,0.0026419753,428.0,0.0049026346,0.0024513173,0.0024513173,1.8556701031,0.0013209877,0.0013209877,2025-03-17/2025-03-23,0,1,night,long,many,many,medium,small,0,1,1,امي كل عام وانت اجمل نعمه هلا بتقدرو تحجزو كيكه من الحجوزات عبر رسايل الصفحه,3,0.44722139835357666,رسايل الصفحه عبر,Keyword-driven content theme detected from captions.
Vanilla Palestine,influancers,87300.0,2025-03-17 00:00:00,0.0,Monday,3,reel,أمي.. كل عام وانتِ أجمل نعمة 💜🎂 هلا بتقدرو تحجزو كيكة يوم الأم من فانيلا 💌 الحجوزات عبر رسائل الصفحة #mothersday #happymothersday #VANILLA_Today_and_everyday #فانيلا_اليوم_وكل_يوم #يوم_الأم,218,5,4,232.0,232.0,240000.0,Arabic,True,True,0.0,False,False,False,False,False,True,"['mothersday', 'happymothersday', 'vanilla_today_and_everyday', 'فانيلا_اليوم_وكل_يوم', 'يوم_الأم']",464.0,0.0053150057,0.0026575029,0.0026575029,2.7491408935,0.0019333333,464.0,0.0053150057,0.0026575029,0.0026575029,2.7491408935,0.0009666667,0.0009666667,2025-03-17/2025-03-23,0,1,night,long,many,many,medium,small,0,1,1,امي كل عام وانت اجمل نعمه هلا بتقدرو تحجزو كيكه من الحجوزات عبر رسايل الصفحه,3,0.44722139835357666,رسايل الصفحه عبر,Keyword-driven content theme detected from captions.
Vanilla Palestine,influancers,87300.0,2025-03-12 00:00:00,0.0,Wednesday,3,reel,بوفيه الإفطار الرمضاني 🌙 في فانيلا - فرع الطيرة وفرع نابلس ⭐⭐⭐⭐⭐ للحجز: 022961179 أو عبر رسائل الصفحة نستقبل المكالمات يومياً بعد الساعة الواحدة ظهراً #Ramadan2025 #RamadanKareem #VANILLA_Today_and_everyday #فانيلا_اليوم_وكل_يوم,267,4,6,691.0,691.0,150000.0,Arabic,True,True,0.0,True,True,False,False,False,True,"['ramadan2025', 'ramadankareem', 'vanilla_today_and_everyday', 'فانيلا_اليوم_وكل_يوم']",1382.0,0.0158304696,0.0079152348,0.0079152348,1.7182130584,0.0092133333,1382.0,0.0158304696,0.0079152348,0.0079152348,1.7182130584,0.0046066667,0.0046066667,2025-03-10/2025-03-16,0,1,night,long,few,many,high,small,1,0,1,بوفيه الافطار الرمضاني في فرع الطيره وفرع نابلس للحجز او عبر رسايل الصفحه نستقبل المكالمات يوميا بعد الساعه الواحده ظهرا,1,0.12512004375457764,نابلس فانيلا,Keyword-driven content theme detected from captions.
Vanilla Palestine,influancers,87300.0,2025-03-11 00:00:00,0.0,Tuesday,3,reel,العلاج فوراً 🍰🧁 انت عاشق للأكل 😋🤣 #VANILLA_Today_and_everyday #فانيلا_اليوم_وكل_يوم,93,2,5,1206.0,1200.0,627000.0,Arabic,False,True,0.0,False,False,False,False,False,False,"['vanilla_today_and_everyday', 'فانيلا_اليوم_وكل_يوم']",2406.0,0.0275601375,0.013814433,0.0137457045,7.1821305842,0.0038373206,2406.0,0.0275601375,0.013814433,0.0137457045,7.1821305842,0.001923445,0.0019138756,2025-03-10/2025-03-16,0,1,night,medium,few,many,high,small,1,1,1,العلاج فورا انت عاشق للاكل,3,0.19263499975204468,رسايل الصفحه عبر,Keyword-driven content theme detected from captions.
Vanilla Palestine,influancers,87300.0,2025-03-10 00:00:00,0.0,Monday,3,reel,Delicious & Healthy 😍 Homemade Hot Apple Cider 🍏🍋 #vanilla_today_and_everyday,88,1,4,176.0,180.0,144000.0,English,False,True,0.0,False,False,False,False,False,False,['vanilla_today_and_everyday'],356.0,0.0040778923,0.0020160367,0.0020618557,1.6494845361,0.0024722222,356.0,0.0040778923,0.0020160367,0.0020618557,1.6494845361,0.0012222222,0.00125,2025-03-10/2025-03-16,0,1,night,medium,few,many,medium,small,0,0,1,delicious healthy homemade hot apple cider,2,0.07478761672973633,Vanilla تشيزكيك,Keyword-driven content theme detected from captions.
Vanilla Palestine,influancers,87300.0,2025-03-07 00:00:00,0.0,Friday,3,reel,بوفيه الإفطار الرمضاني 🌙 في فانيلا - فرع الطيرة وفرع نابلس ⭐⭐⭐⭐⭐ للحجز: 022961179 أو عبر رسائل الصفحة نستقبل المكالمات يومياً بعد الساعة الواحدة ظهراً #Ramadan2025 #RamadanKareem #VANILLA_Today_and_everyday #فانيلا_اليوم_وكل_يوم,267,4,6,511.0,500.0,149000.0,Arabic,True,True,0.0,True,True,False,False,False,True,"['ramadan2025', 'ramadankareem', 'vanilla_today_and_everyday', 'فانيلا_اليوم_وكل_يوم']",1011.0,0.011580756,0.0058533792,0.0057273769,1.7067583047,0.0067852349,1011.0,0.011580756,0.0058533792,0.0057273769,1.7067583047,0.0034295302,0.0033557047,2025-03-03/2025-03-09,0,1,night,long,few,many,high,small,1,0,1,بوفيه الافطار الرمضاني في فرع الطيره وفرع نابلس للحجز او عبر رسايل الصفحه نستقبل المكالمات يوميا بعد الساعه الواحده ظهرا,1,0.12512004375457764,نابلس فانيلا,Keyword-driven content theme detected from captions.
Vanilla Palestine,influancers,87300.0,2025-03-04 00:00:00,0.0,Tuesday,3,reel,نستقبل حجوزاتكم الآن بوفيه فانيلا الرمضاني فرع الطيرة وفرع نابلس ⭐⭐⭐⭐⭐ للحجز: 022961179 أو عبر رسائل الصفحة 🌙 رمضان مبارك #Ramadan2025 #RamadanKareem #VANILLA_Today_and_everyday #فانيلا_اليوم_وكل_يوم,243,4,6,506.0,500.0,36700.0,Arabic,True,True,0.0,True,True,False,False,False,True,"['ramadan2025', 'ramadankareem', 'vanilla_today_and_everyday', 'فانيلا_اليوم_وكل_يوم']",1006.0,0.0115234822,0.0057961054,0.0057273769,0.4203894616,0.0274114441,1006.0,0.0115234822,0.0057961054,0.0057273769,0.4203894616,0.0137874659,0.0136239782,2025-03-03/2025-03-09,0,1,night,long,few,many,high,small,1,0,1,نستقبل حجوزاتكم الان بوفيه الرمضاني فرع الطيره وفرع نابلس للحجز او عبر رسايل الصفحه رمضان مبارك,5,0.4895899295806885,كيك فانيلا,Keyword-driven content theme detected from captions.
Vanilla Palestine,influancers,87300.0,2025-03-04 00:00:00,0.0,Tuesday,3,reel,Dream Vanilla Cake 😋 creamy and yummy😍 #vanilla_today_and_everyday,76,1,2,560.0,570.0,460000.0,English,False,True,0.0,False,False,False,False,False,False,['vanilla_today_and_everyday'],1130.0,0.0129438717,0.0064146621,0.0065292096,5.2691867125,0.0024565217,1130.0,0.0129438717,0.0064146621,0.0065292096,5.2691867125,0.0012173913,0.0012391304,2025-03-03/2025-03-09,0,1,night,medium,few,few,high,small,1,1,1,dream cake creamy yummy,4,0.46982812881469727,كريم Homemade,Keyword-driven content theme detected from captions.
Vanilla Palestine,influancers,87300.0,2025-03-02 00:00:00,0.0,Sunday,3,reel,Ramadan 🌙 Milkshake 😍🌴 #Ramadan2025 #RamadanKareem #VANILLA_Today_and_everyday #فانيلا_اليوم_وكل_يوم,122,4,4,282.0,290.0,73800.0,Mixed,False,True,0.0,False,True,False,False,False,False,"['ramadan2025', 'ramadankareem', 'vanilla_today_and_everyday', 'فانيلا_اليوم_وكل_يوم']",572.0,0.0065521191,0.0032302405,0.0033218786,0.8453608247,0.0077506775,572.0,0.0065521191,0.0032302405,0.0033218786,0.8453608247,0.0038211382,0.0039295393,2025-02-24/2025-03-02,0,1,night,medium,few,many,medium,small,0,0,1,ramadan milkshake,0,0.39472484588623047,رمضان كريم,Keyword-driven content theme detected from captions.
Vanilla Palestine,influancers,87300.0,2025-02-17 00:00:00,0.0,Monday,2,reel,تيراميسو إيطاليانو الساخن ✨ لذيذ ومميز 😊 Tiramisu Italiano hot drink #فانيلا_اليوم_وكل_يوم #vanilla_today_and_everyday,139,2,2,1100.0,1100.0,399000.0,Mixed,False,True,0.0,False,False,False,False,False,False,"['فانيلا_اليوم_وكل_يوم', 'vanilla_today_and_everyday']",2200.0,0.0252004582,0.0126002291,0.0126002291,4.5704467354,0.0055137845,2200.0,0.0252004582,0.0126002291,0.0126002291,4.5704467354,0.0027568922,0.0027568922,2025-02-17/2025-02-23,0,1,night,medium,few,few,high,small,1,1,1,تيراميسو ايطاليانو الساخن لذيذ ومميز tiramisu italiano hot drink,2,0.12421226501464844,Vanilla تشيزكيك,Keyword-driven content theme detected from captions.
Vanilla Palestine,influancers,87300.0,2025-02-15 00:00:00,0.0,Saturday,2,reel,Choose your dessert for tonight 🍰💕 #VANILLA_Today_and_everyday,72,1,2,3308.0,3300.0,539000.0,English,True,True,0.0,False,False,False,False,False,True,['vanilla_today_and_everyday'],6608.0,0.0756930126,0.0378923253,0.0378006873,6.1741122566,0.0122597403,6608.0,0.0756930126,0.0378923253,0.0378006873,6.1741122566,0.0061372913,0.006122449,2025-02-10/2025-02-16,0,1,night,medium,few,few,high,small,1,1,1,choose your dessert for tonight,4,0.3184136152267456,كريم Homemade,Keyword-driven content theme detected from captions.
Vanilla Palestine,Cafes/Restaurants,139000.0,2026-01-10 00:00:00,0.0,Saturday,1,reel,Perfect Alfajores🤭,19,0,1,541.0,11.0,462000.0,English,False,True,0.0,False,False,False,False,False,False,[],552.0,0.003971223,0.0038920863,7.91367e-05,3.3237410072,0.0011948052,552.0,0.003971223,0.0038920863,7.91367e-05,3.3237410072,0.0011709957,2.38095e-05,2026-01-05/2026-01-11,0,1,night,short,none,few,low,medium,0,1,0,perfect alfajores,1,0.08445000648498535,نابلس فانيلا,Keyword-driven content theme detected from captions.
Vanilla Palestine,Cafes/Restaurants,139000.0,2026-01-25 00:00:00,0.0,Sunday,1,reel,كفوفك كفوفك! #vanillabakery #فانيلا_اليوم_وكل_يوم,57,2,0,23.0,0.0,662000.0,Mixed,False,True,0.0,False,False,False,True,False,False,"['vanillabakery', 'فانيلا_اليوم_وكل_يوم']",23.0,0.0001654676,0.0001654676,0.0,4.7625899281,3.47432e-05,23.0,0.0001654676,0.0001654676,0.0,4.7625899281,3.47432e-05,0.0,2026-01-19/2026-01-25,0,1,night,short,few,none,low,medium,0,1,0,كفوفك كفوفك,1,0.3650699257850647,نابلس فانيلا,Keyword-driven content theme detected from captions.
Vanilla Palestine,Cafes/Restaurants,139000.0,2026-01-28 00:00:00,0.0,Wednesday,1,reel,Ferrero Cake,12,0,0,515.0,10.0,344000.0,English,False,True,0.0,False,False,False,False,False,False,[],525.0,0.0037769784,0.003705036,7.19424e-05,2.4748201439,0.0015261628,525.0,0.0037769784,0.003705036,7.19424e-05,2.4748201439,0.001497093,2.90698e-05,2026-01-26/2026-02-01,0,1,night,short,none,none,low,medium,0,1,0,ferrero cake,4,0.3359419107437134,كريم Homemade,Keyword-driven content theme detected from captions.
Vanilla Palestine,Cafes/Restaurants,139000.0,2026-02-05 00:00:00,0.0,Thursday,2,reel,New year new me 😍😍😍,21,0,3,2155.0,10.0,348000.0,English,False,True,0.0,False,False,False,False,False,False,[],2165.0,0.0155755396,0.0155035971,7.19424e-05,2.5035971223,0.0062212644,2165.0,0.0155755396,0.0155035971,7.19424e-05,2.5035971223,0.0061925287,2.87356e-05,2026-02-02/2026-02-08,0,1,night,short,none,few,high,medium,1,1,0,new year new me,3,0.07113558053970337,رسايل الصفحه عبر,Keyword-driven content theme detected from captions.
Vanilla Palestine,Cafes/Restaurants,139000.0,2026-02-08 00:00:00,0.0,Sunday,2,reel,Everyday is a Cake Day 😍😍😍 #vanilla_today_and_everyday #فانيلا_اليوم_وكل_يوم,81,2,3,2100.0,10.0,132000.0,Mixed,False,True,0.0,False,False,False,True,False,False,"['vanilla_today_and_everyday', 'فانيلا_اليوم_وكل_يوم']",2110.0,0.0151798561,0.0151079137,7.19424e-05,0.9496402878,0.0159848485,2110.0,0.0151798561,0.0151079137,7.19424e-05,0.9496402878,0.0159090909,7.57576e-05,2026-02-02/2026-02-08,0,1,night,medium,few,few,high,medium,1,0,0,is a cake day,4,0.3999324440956116,كريم Homemade,Keyword-driven content theme detected from captions.
Vanilla Palestine,Cafes/Restaurants,139000.0,2026-02-18 00:00:00,0.0,Wednesday,2,reel,قريباً في نابلس، افتتاح فرع جديد. #فانيلا_اليوم_وكل_يوم,58,1,0,1652.0,163.0,213000.0,Arabic,True,True,0.0,True,False,False,True,False,True,['فانيلا_اليوم_وكل_يوم'],1815.0,0.013057554,0.0118848921,0.0011726619,1.5323741007,0.0085211268,1815.0,0.013057554,0.0118848921,0.0011726619,1.5323741007,0.0077558685,0.0007652582,2026-02-16/2026-02-22,0,1,night,short,few,none,high,medium,1,0,1,قريبا في نابلس، افتتاح فرع جديد,1,0.03469306230545044,نابلس فانيلا,Keyword-driven content theme detected from captions.
Vanilla Palestine,Cafes/Restaurants,139000.0,2026-02-22 00:00:00,0.0,Sunday,2,reel,POV: Vanilla Cookies 😍,23,0,1,812.0,18.0,287000.0,English,False,True,0.0,False,False,False,False,False,False,[],830.0,0.005971223,0.0058417266,0.0001294964,2.0647482014,0.0028919861,830.0,0.005971223,0.0058417266,0.0001294964,2.0647482014,0.0028292683,6.27178e-05,2026-02-16/2026-02-22,0,1,night,short,none,few,medium,medium,0,1,0,pov vanilla cookies,2,0.2388097643852234,Vanilla تشيزكيك,Keyword-driven content theme detected from captions.
Vanilla Palestine,Cafes/Restaurants,139000.0,2026-02-25 00:00:00,0.0,Wednesday,2,reel,شو رأيكم بالديكور الجديد؟ 🤍,29,0,1,1330.0,52.0,179000.0,Arabic,True,False,0.0,False,False,False,True,False,True,[],1382.0,0.009942446,0.0095683453,0.0003741007,1.2877697842,0.0077206704,1382.0,0.009942446,0.0095683453,0.0003741007,1.2877697842,0.0074301676,0.0002905028,2026-02-23/2026-03-01,0,1,night,short,none,few,high,medium,1,0,1,شو رايكم بالديكور الجديد؟,1,0.22448521852493286,نابلس فانيلا,Keyword-driven content theme detected from captions.
Vanilla Palestine,Cafes/Restaurants,139000.0,2026-03-02 00:00:00,0.0,Monday,3,reel,Freshly baked croissants 🥐,28,0,1,975.0,21.0,154000.0,English,False,True,0.0,False,False,False,False,False,False,[],996.0,0.0071654676,0.0070143885,0.0001510791,1.1079136691,0.0064675325,996.0,0.0071654676,0.0070143885,0.0001510791,1.1079136691,0.0063311688,0.0001363636,2026-03-02/2026-03-08,0,1,night,short,none,few,medium,medium,0,0,0,freshly baked croissants,2,0.18483048677444458,Vanilla تشيزكيك,Keyword-driven content theme detected from captions.
Vanilla Palestine,Cafes/Restaurants,139000.0,2026-03-06 00:00:00,0.0,Friday,3,reel,رمضان كريم 🌙✨,14,0,2,2450.0,84.0,401000.0,Arabic,False,True,0.0,False,True,False,True,False,False,[],2534.0,0.0182302158,0.0176258993,0.0006043165,2.8848920863,0.006319202,2534.0,0.0182302158,0.0176258993,0.0006043165,2.8848920863,0.0061097257,0.0002094763,2026-03-02/2026-03-08,0,1,night,short,none,few,high,medium,1,1,1,رمضان كريم,0,0.6907328963279724,رمضان كريم,Keyword-driven content theme detected from captions.
Vanilla Palestine,Cafes/Restaurants,139000.0,2026-03-09 00:00:00,0.0,Monday,3,reel,Chocolate overload 🍫,21,0,1,1442.0,35.0,224000.0,English,False,True,0.0,False,False,False,False,False,False,[],1477.0,0.0106258993,0.0103741007,0.0002517986,1.6115107914,0.00659375,1477.0,0.0106258993,0.0103741007,0.0002517986,1.6115107914,0.0064375,0.00015625,2026-03-09/2026-03-15,0,1,night,short,none,few,high,medium,1,0,1,chocolate overload,4,0.11284428834915161,كريم Homemade,Keyword-driven content theme detected from captions.
Vanilla Palestine,Cafes/Restaurants,139000.0,2026-03-11 00:00:00,0.0,Wednesday,3,reel,Our Ramadan atmosphere ✨,26,0,1,1700.0,41.0,267000.0,English,False,False,0.0,True,True,False,False,False,False,[],1741.0,0.0125251799,0.0122302158,0.000294964,1.9208633094,0.0065205993,1741.0,0.0125251799,0.0122302158,0.000294964,1.9208633094,0.0063670412,0.0001535581,2026-03-09/2026-03-15,0,1,night,short,none,few,high,medium,1,1,1,our ramadan atmosphere,0,0.5174709558486938,رمضان كريم,Keyword-driven content theme detected from captions.
Vanilla Palestine,Cafes/Restaurants,139000.0,2026-03-14 00:00:00,0.0,Saturday,3,reel,مين جاهز للحلويات الرمضانية؟ 😍,31,0,1,1940.0,73.0,322000.0,Arabic,True,True,0.0,False,True,False,True,False,True,[],2013.0,0.0144820144,0.0139568345,0.0005251799,2.3165467626,0.0062515528,2013.0,0.0144820144,0.0139568345,0.0005251799,2.3165467626,0.0060248447,0.0002267081,2026-03-09/2026-03-15,0,1,night,short,none,few,high,medium,1,1,1,مين جاهز للحلويات الرمضانيه؟,3,0.24989467859268188,رسايل الصفحه عبر,Keyword-driven content theme detected from captions.
Vanilla Palestine,Cafes/Restaurants,139000.0,2026-03-18 00:00:00,0.0,Wednesday,3,reel,"Mini cakes, maximum happiness 🎂",33,0,1,1200.0,22.0,164000.0,English,False,True,0.0,False,False,False,False,False,False,[],1222.0,0.0087913669,0.0086330935,0.0001582734,1.1798561151,0.0074512195,1222.0,0.0087913669,0.0086330935,0.0001582734,1.1798561151,0.0073170732,0.0001341463,2026-03-16/2026-03-22,0,1,night,short,none,few,medium,medium,0,0,0,mini cakes maximum happiness,4,0.3189833164215088,كريم Homemade,Keyword-driven content theme detected from captions.
Vanilla Palestine,Cafes/Restaurants,139000.0,2026-03-20 00:00:00,0.0,Friday,3,reel,فانيلا غير 😍,12,0,1,1110.0,29.0,173000.0,Arabic,False,True,0.0,False,False,False,True,False,False,[],1139.0,0.0081942446,0.0079856115,0.0002086331,1.2446043165,0.006583815,1139.0,0.0081942446,0.0079856115,0.0002086331,1.2446043165,0.006416185,0.0001676301,2026-03-16/2026-03-22,0,1,night,short,none,few,medium,medium,0,0,1,فانيلا غير,1,0.22848856449127197,نابلس فانيلا,Keyword-driven content theme detected from captions.
Vanilla Palestine,Cafes/Restaurants,139000.0,2026-03-24 00:00:00,0.0,Tuesday,3,reel,Iced coffee season officially started ☕,39,0,1,2080.0,48.0,352000.0,English,False,True,0.0,False,False,False,False,False,False,[],2128.0,0.0153093525,0.0149640288,0.0003453237,2.5323741007,0.0060454545,2128.0,0.0153093525,0.0149640288,0.0003453237,2.5323741007,0.0059090909,0.0001363636,2026-03-23/2026-03-29,0,1,night,short,none,few,high,medium,1,1,1,iced coffee season officially started,2,0.0,Vanilla تشيزكيك,Keyword-driven content theme detected from captions.
Vanilla Palestine,Cafes/Restaurants,139000.0,2026-03-28 00:00:00,0.0,Saturday,3,reel,لقمة وبتعشقها 😋,16,0,1,1422.0,27.0,211000.0,Arabic,False,True,0.0,False,False,False,True,False,False,[],1449.0,0.0104244604,0.0102302158,0.0001942446,1.5179856115,0.0068672986,1449.0,0.0104244604,0.0102302158,0.0001942446,1.5179856115,0.0067393365,0.0001279621,2026-03-23/2026-03-29,0,1,night,short,none,few,high,medium,1,0,0,لقمه وبتعشقها,1,0.15610271692276,نابلس فانيلا,Keyword-driven content theme detected from captions.
Vanilla Palestine,Cafes/Restaurants,139000.0,2026-04-01 00:00:00,0.0,Wednesday,4,reel,Cheesecake lovers where you at?,33,0,0,1320.0,31.0,188000.0,English,True,True,0.0,False,False,False,False,False,True,[],1351.0,0.0097194245,0.0094964029,0.0002230216,1.3525179856,0.0071861702,1351.0,0.0097194245,0.0094964029,0.0002230216,1.3525179856,0.0070212766,0.0001648936,2026-03-30/2026-04-05,0,1,night,short,none,none,high,medium,1,0,1,cheesecake lovers where you at,4,0.2737467885017395,كريم Homemade,Keyword-driven content theme detected from captions.
Vanilla Palestine,Cafes/Restaurants,139000.0,2026-04-04 00:00:00,0.0,Saturday,4,reel,شو طلبكم المفضل من فانيلا؟ 🤍,31,0,1,1540.0,96.0,241000.0,Arabic,True,False,0.0,False,False,False,True,False,True,[],1636.0,0.0117697842,0.0110791367,0.0006906475,1.7338129496,0.0067883817,1636.0,0.0117697842,0.0110791367,0.0006906475,1.7338129496,0.0063900415,0.0003983402,2026-03-30/2026-04-05,0,1,night,short,none,few,high,medium,1,1,1,شو طلبكم المفضل من فانيلا؟,1,0.17709678411483765,نابلس فانيلا,Keyword-driven content theme detected from captions.
Vanilla Palestine,Cafes/Restaurants,139000.0,2026-04-08 00:00:00,0.0,Wednesday,4,reel,Behind the scenes 🎥,22,0,1,1180.0,19.0,145000.0,English,False,False,0.0,False,False,False,False,False,False,[],1199.0,0.0086258993,0.0084892086,0.0001366906,1.0431654676,0.0082689655,1199.0,0.0086258993,0.0084892086,0.0001366906,1.0431654676,0.008137931,0.0001310345,2026-04-06/2026-04-12,0,1,night,short,none,few,medium,medium,0,0,0,behind the scenes,1,0.11146074533462524,نابلس فانيلا,Keyword-driven content theme detected from captions.
Vanilla Palestine,Cafes/Restaurants,139000.0,2026-04-12 00:00:00,0.0,Sunday,4,reel,Fresh cookies every morning 🍪,30,0,1,1265.0,24.0,176000.0,English,False,True,0.0,False,False,False,False,False,False,[],1289.0,0.0092733813,0.0091007194,0.0001726619,1.2661870504,0.0073238636,1289.0,0.0092733813,0.0091007194,0.0001726619,1.2661870504,0.0071875,0.0001363636,2026-04-06/2026-04-12,0,1,night,short,none,few,medium,medium,0,0,0,fresh cookies every morning,2,0.20399439334869385,Vanilla تشيزكيك,Keyword-driven content theme detected from captions.
Vanilla Palestine,Cafes/Restaurants,139000.0,2026-04-15 00:00:00,0.0,Wednesday,4,reel,صباح الخير من فانيلا ☀️,23,0,1,1470.0,36.0,194000.0,Arabic,False,False,0.0,True,False,False,True,False,False,[],1506.0,0.0108345324,0.0105755396,0.0002589928,1.3956834532,0.0077628866,1506.0,0.0108345324,0.0105755396,0.0002589928,1.3956834532,0.0075773196,0.000185567,2026-04-13/2026-04-19,0,1,night,short,none,few,high,medium,1,0,1,صباح الخير من فانيلا,1,0.21742689609527588,نابلس فانيلا,Keyword-driven content theme detected from captions.
Vanilla Palestine,Cafe,139000.0,2025-03-14 00:00:00,0.0,Friday,3,Reel,اكبر كمية لفرع نابلس 🥰✌️,28,3,2,415.0,0.0,971000.0,Arabic,False,True,0.0,True,True,False,True,False,False,[],415.0,0.0029856115,0.0029856115,0.0,6.9856115108,0.0004273944,415.0,0.0029856115,0.0029856115,0.0,6.9856115108,0.0004273944,0.0,2025-03-10/2025-03-16,0,1,night,short,few,few,low,medium,0,1,0,اكبر كميه لفرع نابلس,1,0.25582242012023926,نابلس فانيلا,Keyword-driven content theme detected from captions.
Vanilla Palestine,Cafe,139000.0,2025-03-12 00:00:00,0.0,Wednesday,3,Reel,سكوب الكوكيز بفانيلا 😍😋,24,4,2,911.0,9.0,197000.0,Arabic,False,True,0.0,False,False,False,True,False,False,[],920.0,0.006618705,0.0065539568,6.47482e-05,1.4172661871,0.0046700508,920.0,0.006618705,0.0065539568,6.47482e-05,1.4172661871,0.0046243655,4.56853e-05,2025-03-10/2025-03-16,0,1,night,short,few,few,medium,medium,0,0,0,سكوب الكوكيز بفانيلا,1,0.2444518804550171,نابلس فانيلا,Keyword-driven content theme detected from captions.
Vanilla Palestine,Cafe,139000.0,2025-03-12 00:00:00,0.0,Wednesday,3,Reel,الأجواء بتحلى مع فانيلا,23,0,0,153.0,0.0,24200.0,Arabic,False,False,0.0,False,True,False,True,False,False,[],153.0,0.0011007194,0.0011007194,0.0,0.1741007194,0.006322314,153.0,0.0011007194,0.0011007194,0.0,0.1741007194,0.006322314,0.0,2025-03-10/2025-03-16,0,1,night,short,none,none,low,medium,0,0,0,الاجواء بتحلي مع فانيلا,1,0.4249827265739441,نابلس فانيلا,Keyword-driven content theme detected from captions.
Vanilla Palestine,Cafe,139000.0,2025-03-11 00:00:00,0.0,Tuesday,3,Reel,من الآن، بتقدرو تحجزوا فطوركم بكرا في فرعنا بوسط البلد 🌙,63,3,1,1454.0,2.0,609000.0,Arabic,True,True,0.0,True,True,False,True,False,True,[],1456.0,0.0104748201,0.0104604317,1.43885e-05,4.381294964,0.0023908046,1456.0,0.0104748201,0.0104604317,1.43885e-05,4.381294964,0.0023875205,3.2841e-06,2025-03-10/2025-03-16,0,1,night,medium,few,few,high,medium,1,1,0,من الان، بتقدرو تحجزوا فطوركم بكرا في فرعنا بوسط البلد,3,0.2829534411430359,رسايل الصفحه عبر,Keyword-driven content theme detected from captions.
Vanilla Palestine,Cafe,139000.0,2025-03-09 00:00:00,0.0,Sunday,3,Reel,بوفيه فانيلا النابلسي 🌙😍,26,3,2,141.0,4.0,39600.0,Arabic,False,True,0.0,True,True,False,True,False,False,[],145.0,0.0010431655,0.0010143885,2.8777e-05,0.2848920863,0.0036616162,145.0,0.0010431655,0.0010143885,2.8777e-05,0.2848920863,0.0035606061,0.0001010101,2025-03-03/2025-03-09,0,1,night,short,few,few,low,medium,0,0,0,بوفيه فانيلا النابلسي,5,0.5326838493347168,كيك فانيلا,Keyword-driven content theme detected from captions.
Vanilla Palestine,Cafe,139000.0,2025-03-06 00:00:00,0.0,Thursday,3,Reel,كلكم اتفقتوا على انها أطيب ام علي في فانيلا 😍,48,0,1,431.0,12.0,218000.0,Arabic,False,True,0.0,False,True,False,True,False,False,[],443.0,0.0031870504,0.0031007194,8.63309e-05,1.5683453237,0.0020321101,443.0,0.0031870504,0.0031007194,8.63309e-05,1.5683453237,0.0019770642,5.50459e-05,2025-03-03/2025-03-09,0,1,night,short,none,few,low,medium,0,0,0,كلكم اتفقتوا علي انها اطيب ام علي في فانيلا,3,0.25570112466812134,رسايل الصفحه عبر,Keyword-driven content theme detected from captions.
Vanilla Palestine,Cafe,139000.0,2025-03-05 00:00:00,0.0,Wednesday,3,Reel,16 رمضان,9,0,0,308.0,18.0,133000.0,Arabic,False,False,0.0,False,True,False,False,False,False,[],326.0,0.0023453237,0.0022158273,0.0001294964,0.9568345324,0.0024511278,326.0,0.0023453237,0.0022158273,0.0001294964,0.9568345324,0.0023157895,0.0001353383,2025-03-03/2025-03-09,0,1,night,short,none,none,low,medium,0,0,0,16 رمضان,0,0.6264251470565796,رمضان كريم,Keyword-driven content theme detected from captions.
Vanilla Palestine,Cafe,139000.0,2025-03-02 00:00:00,0.0,Sunday,3,Reel,رمضان فانيلا 🌙🤍,17,2,2,325.0,1.0,652000.0,Arabic,False,True,0.0,True,True,True,True,False,False,[],326.0,0.0023453237,0.0023381295,7.1942e-06,4.690647482,0.0005,326.0,0.0023453237,0.0023381295,7.1942e-06,4.690647482,0.0004984663,1.5337e-06,2025-02-24/2025-03-02,0,1,night,short,few,few,low,medium,0,1,0,رمضان فانيلا,0,0.5918940305709839,رمضان كريم,Keyword-driven content theme detected from captions.
Vanilla Palestine,Cafe,139000.0,2025-02-28 00:00:00,0.0,Friday,2,Reel,اكثر من انه حلو 😍,18,2,1,2630.0,6.0,652000.0,Arabic,False,True,0.0,False,True,False,True,False,False,[],2636.0,0.0189640288,0.0189208633,4.31655e-05,4.690647482,0.0040429448,2636.0,0.0189640288,0.0189208633,4.31655e-05,4.690647482,0.0040337423,9.2025e-06,2025-02-24/2025-03-02,0,1,night,short,few,few,high,medium,1,1,0,اكثر من انه حلو,1,0.10961538553237915,نابلس فانيلا,Keyword-driven content theme detected from captions.
Vanilla Palestine,Cafe,139000.0,2025-02-24 00:00:00,0.0,Monday,2,Reel,طبقات من القشطة و التمر الفاخر 🌙😍,37,2,2,1475.0,2.0,566000.0,Arabic,False,True,0.0,False,True,False,True,False,False,[],1477.0,0.0106258993,0.0106115108,1.43885e-05,4.071942446,0.0026095406,1477.0,0.0106258993,0.0106115108,1.43885e-05,4.071942446,0.0026060071,3.5336e-06,2025-02-24/2025-03-02,0,1,night,short,few,few,high,medium,1,1,0,طبقات من القشطه و التمر الفاخر,1,0.2203671932220459,نابلس فانيلا,Keyword-driven content theme detected from captions.
Vanilla Palestine,Cafe,139000.0,2025-02-23 00:00:00,0.0,Sunday,2,Reel,بعد الإفطار في فانيلا 🌙🤍✌️,30,3,3,2898.0,4.0,82600.0,Arabic,False,False,0.0,True,True,False,True,False,False,[],2902.0,0.0208776978,0.0208489209,2.8777e-05,0.5942446043,0.0351331719,2902.0,0.0208776978,0.0208489209,2.8777e-05,0.5942446043,0.0350847458,4.84262e-05,2025-02-17/2025-02-23,0,1,night,short,few,few,high,medium,1,0,0,بعد الافطار في فانيلا,1,0.3972782492637634,نابلس فانيلا,Keyword-driven content theme detected from captions.
Vanilla Palestine,Cafe,139000.0,2025-02-21 00:00:00,0.0,Friday,2,Reel,نستقبلكم على البوفيه فانيلا في فرعنا نابلس و الطيرة 🥳,58,3,1,259.0,1.0,956000.0,Arabic,True,True,0.0,True,True,False,True,False,True,[],260.0,0.0018705036,0.0018633094,7.1942e-06,6.8776978417,0.0002719665,260.0,0.0018705036,0.0018633094,7.1942e-06,6.8776978417,0.0002709205,1.046e-06,2025-02-17/2025-02-23,0,1,night,short,few,few,low,medium,0,1,0,نستقبلكم علي البوفيه فانيلا في فرعنا نابلس و الطيره,1,0.31859856843948364,نابلس فانيلا,Keyword-driven content theme detected from captions.
Vanilla Palestine,Cafe,139000.0,2025-02-18 00:00:00,0.0,Tuesday,2,Reel,انتظرونا في خامس ايام من رمضان على البوفيه الرمضاني ❤️,58,1,1,1653.0,8.0,213000.0,Arabic,True,True,0.0,True,True,False,True,False,True,[],1661.0,0.0119496403,0.0118920863,5.7554e-05,1.5323741007,0.0077981221,1661.0,0.0119496403,0.0118920863,5.7554e-05,1.5323741007,0.0077605634,3.75587e-05,2025-02-17/2025-02-23,0,1,night,short,few,few,high,medium,1,0,0,انتظرونا في خامس ايام من رمضان علي البوفيه الرمضاني,0,0.4207918047904968,رمضان كريم,Keyword-driven content theme detected from captions.
Vanilla Palestine,Cafe,139000.0,2025-02-08 00:00:00,0.0,Saturday,2,Reel,Everyday Is a Cake Day 🍰😊😊 #vanilla_today_and_everyday #فانيلا_اليوم_وكل_يوم,89,2,3,2101.0,8.0,132000.0,Mixed,False,True,0.0,False,False,False,False,False,False,"['vanilla_today_and_everyday', 'فانيلا_اليوم_وكل_يوم']",2109.0,0.0151726619,0.0151151079,5.7554e-05,0.9496402878,0.0159772727,2109.0,0.0151726619,0.0151151079,5.7554e-05,0.9496402878,0.0159166667,6.06061e-05,2025-02-03/2025-02-09,0,1,night,medium,few,few,high,medium,1,0,0,is a cake day,4,0.3999324440956116,كريم Homemade,Keyword-driven content theme detected from captions.
Vanilla Palestine,Cafe,139000.0,2025-02-05 00:00:00,0.0,Wednesday,2,Reel,New year new me 😲😲😲,23,0,3,18600.0,725.0,662000.0,English,False,False,0.0,False,False,False,False,True,False,[],19325.0,0.139028777,0.1338129496,0.0052158273,4.7625899281,0.0291918429,19325.0,0.139028777,0.1338129496,0.0052158273,4.7625899281,0.0280966767,0.0010951662,2025-02-03/2025-02-09,0,1,night,short,none,few,high,medium,1,1,1,new year new me,3,0.07113558053970337,رسايل الصفحه عبر,Keyword-driven content theme detected from captions.
Vanilla Palestine,Cafe,139000.0,2025-01-28 00:00:00,0.0,Tuesday,1,Reel,الآن .. عرفنا وين راح,22,0,0,516.0,29.0,41500.0,Arabic,False,False,0.0,False,False,False,True,False,False,[],545.0,0.0039208633,0.0037122302,0.0002086331,0.2985611511,0.0131325301,545.0,0.0039208633,0.0037122302,0.0002086331,0.2985611511,0.0124337349,0.0006987952,2025-01-27/2025-02-02,0,1,night,short,none,none,low,medium,0,0,1,الان عرفنا وين راح,1,0.28179436922073364,نابلس فانيلا,Keyword-driven content theme detected from captions.
Vanilla Palestine,Cafe,139000.0,2025-01-25 00:00:00,0.0,Saturday,1,Reel,كعك القدس كل اشي منعمله فيه 🤗😍,33,2,2,4218.0,34.0,198000.0,Arabic,False,True,0.0,True,False,True,True,False,False,[],4252.0,0.0305899281,0.0303453237,0.0002446043,1.4244604317,0.0214747475,4252.0,0.0305899281,0.0303453237,0.0002446043,1.4244604317,0.0213030303,0.0001717172,2025-01-20/2025-01-26,0,1,night,short,few,few,high,medium,1,0,1,كعك القدس كل اشي منعمله فيه,3,0.17557954788208008,رسايل الصفحه عبر,Keyword-driven content theme detected from captions.
Vanilla Palestine,Cafe,139000.0,2025-01-20 00:00:00,0.0,Monday,1,Reel,فيريرو كيك 🍫,13,2,1,316.0,5.0,344000.0,Arabic,False,True,0.0,False,False,False,True,False,False,[],321.0,0.0023093525,0.0022733813,3.59712e-05,2.4748201439,0.0009331395,321.0,0.0023093525,0.0022733813,3.59712e-05,2.4748201439,0.0009186047,1.45349e-05,2025-01-20/2025-01-26,0,1,night,short,few,few,low,medium,0,1,0,فيريرو كيك,1,0.32544440031051636,نابلس فانيلا,Keyword-driven content theme detected from captions.
Vanilla Palestine,Cafe,139000.0,2025-01-16 00:00:00,0.0,Thursday,1,Reel,💗 لكم,6,2,1,633.0,21.0,348000.0,Arabic,False,False,0.0,False,False,False,True,False,False,[],654.0,0.004705036,0.0045539568,0.0001510791,2.5035971223,0.0018793103,654.0,0.004705036,0.0045539568,0.0001510791,2.5035971223,0.0018189655,6.03448e-05,2025-01-13/2025-01-19,0,1,night,short,few,few,medium,medium,0,1,0,لكم,3,0.39432233572006226,رسايل الصفحه عبر,Keyword-driven content theme detected from captions.
Vanilla Palestine,Cafe,139000.0,2025-01-10 00:00:00,0.0,Friday,1,Reel,Perfect Alfajores🤭,19,0,1,541.0,11.0,462000.0,English,False,True,0.0,False,False,False,False,False,False,[],552.0,0.003971223,0.0038920863,7.91367e-05,3.3237410072,0.0011948052,552.0,0.003971223,0.0038920863,7.91367e-05,3.3237410072,0.0011709957,2.38095e-05,2025-01-06/2025-01-12,0,1,night,short,none,few,low,medium,0,1,0,perfect alfajores,1,0.08445000648498535,نابلس فانيلا,Keyword-driven content theme detected from captions.
Vanilla Palestine,Cafe,139000.0,2025-01-08 00:00:00,0.0,Wednesday,1,Reel,نابلس الجميلة 🫶✌️,18,0,2,854.0,19.0,355000.0,Arabic,False,False,0.0,True,False,False,True,False,False,[],873.0,0.0062805755,0.0061438849,0.0001366906,2.5539568345,0.0024591549,873.0,0.0062805755,0.0061438849,0.0001366906,2.5539568345,0.0024056338,5.35211e-05,2025-01-06/2025-01-12,0,1,night,short,none,few,medium,medium,0,1,0,نابلس الجميله,1,0.338825523853302,نابلس فانيلا,Keyword-driven content theme detected from captions.
Vanilla Palestine,Cafe,139000.0,2025-01-06 00:00:00,0.0,Monday,1,Reel,"Your favorite cake is freshly prepared here.
كل ما تحب يصنع هنا 🥰",69,0,1,945.0,48.0,152000.0,Mixed,False,True,0.0,False,False,False,True,False,False,[],993.0,0.0071438849,0.0067985612,0.0003453237,1.0935251799,0.0065328947,993.0,0.0071438849,0.0067985612,0.0003453237,1.0935251799,0.0062171053,0.0003157895,2025-01-06/2025-01-12,0,1,night,medium,none,few,medium,medium,0,0,1,your favorite cake is freshly prepared here كل ما تحب يصنع هنا,4,0.45813053846359253,كريم Homemade,Keyword-driven content theme detected from captions.
Vanilla Palestine,Cafe,139000.0,2025-01-04 00:00:00,0.0,Saturday,1,Reel,📍 AlIrsal branch Vibes,24,0,1,843.0,10.0,548000.0,English,False,False,0.0,True,False,False,False,False,False,[],853.0,0.0061366906,0.0060647482,7.19424e-05,3.9424460432,0.0015565693,853.0,0.0061366906,0.0060647482,7.19424e-05,3.9424460432,0.0015383212,1.82482e-05,2024-12-30/2025-01-05,0,1,night,short,none,few,medium,medium,0,1,0,alirsal branch vibes,1,0.05143624544143677,نابلس فانيلا,Keyword-driven content theme detected from captions.
Vanilla Palestine,Cafes/Restaurants,139000.0,2026-04-27 00:00:00,0.0,Monday,4,post,تخيل طعم اللوز المحمص وهو يذوب مع الكراميل، وفي كل لقمة بتفاجئك نكهة الرهايب 😋 #فانيلا_اليوم_وكل_يوم,94,1,1,286.0,1.0,56000.0,Arabic,False,True,0.0,False,False,False,True,False,False,['فانيلا_اليوم_وكل_يوم'],287.0,0.0020647482,0.002057554,7.1942e-06,0.4028776978,0.005125,287.0,0.0020647482,0.002057554,7.1942e-06,0.4028776978,0.0051071429,1.78571e-05,2026-04-27/2026-05-03,0,0,night,medium,few,few,low,medium,0,0,0,تخيل طعم اللوز المحمص وهو يذوب مع الكراميل، وفي كل لقمه بتفاجيك نكهه الرهايب,2,0.29794007539749146,Vanilla تشيزكيك,Keyword-driven content theme detected from captions.
Vanilla Palestine,Cafes/Restaurants,139000.0,2026-03-18 00:00:00,0.0,Wednesday,3,post,بوكس العائلة و الاصحاب 🥰 #عيدالفطرالمبارك #فانيلا_اليوم_وكل_يوم,71,2,1,20.0,0.0,56000.0,Arabic,False,True,0.0,False,True,False,True,False,False,"['عيدالفطرالمبارك', 'فانيلا_اليوم_وكل_يوم']",20.0,0.0001438849,0.0001438849,0.0,0.4028776978,0.0003571429,20.0,0.0001438849,0.0001438849,0.0,0.4028776978,0.0003571429,0.0,2026-03-16/2026-03-22,0,0,night,medium,few,few,low,medium,0,0,0,بوكس العايله و الاصحاب,1,0.3299623727798462,نابلس فانيلا,Keyword-driven content theme detected from captions.
Vanilla Palestine,Cafes/Restaurants,139000.0,2026-03-17 00:00:00,0.0,Tuesday,3,post,لأجمل قلب… أمي ❤️ جهزنالكم تشكيلة قوالب مميزة ليوم الأم الحجز المسبق متاح الآن ✌🥰 #فانيلا_اليوم_وكل_يوم,112,1,3,530.0,5.0,56000.0,Arabic,True,True,0.0,False,False,False,True,False,True,['فانيلا_اليوم_وكل_يوم'],535.0,0.0038489209,0.0038129496,3.59712e-05,0.4028776978,0.0095535714,535.0,0.0038489209,0.0038129496,3.59712e-05,0.4028776978,0.0094642857,8.92857e-05,2026-03-16/2026-03-22,0,0,night,medium,few,few,low,medium,0,0,0,لاجمل قلب امي جهزنالكم تشكيله قوالب مميزه ليوم الام الحجز المسبق متاح الان,3,0.3294033408164978,رسايل الصفحه عبر,Keyword-driven content theme detected from captions.
Vanilla Palestine,Cafes/Restaurants,139000.0,2026-02-18 00:00:00,0.0,Wednesday,2,post,هذا ما نقدمه لكم.. حلى رمضان النهائي ✌🌙,41,0,2,1000.0,6.0,56000.0,Arabic,False,True,0.0,False,True,False,True,False,False,[],1006.0,0.0072374101,0.0071942446,4.31655e-05,0.4028776978,0.0179642857,1006.0,0.0072374101,0.0071942446,4.31655e-05,0.4028776978,0.0178571429,0.0001071429,2026-02-16/2026-02-22,0,0,night,short,none,few,medium,medium,0,0,0,هذا ما نقدمه لكم حلي رمضان النهايي,0,0.6105711460113525,رمضان كريم,Keyword-driven content theme detected from captions.
Vanilla Palestine,Cafes/Restaurants,139000.0,2025-12-06 00:00:00,0.0,Saturday,12,post,مزيج غريب وطعم عجيب 🍊❄️,25,0,2,515.0,8.0,56000.0,Arabic,False,False,0.0,False,False,False,True,False,False,[],523.0,0.0037625899,0.003705036,5.7554e-05,0.4028776978,0.0093392857,523.0,0.0037625899,0.003705036,5.7554e-05,0.4028776978,0.0091964286,0.0001428571,2025-12-01/2025-12-07,0,0,night,short,none,few,low,medium,0,0,0,مزيج غريب وطعم عجيب,2,0.2967095375061035,Vanilla تشيزكيك,Keyword-driven content theme detected from captions.
Vanilla Palestine,Cafes/Restaurants,139000.0,2025-11-07 00:00:00,0.0,Friday,11,post,٣ مشاريب ديتوكسس زي ما بدكم 😭,30,0,1,42.0,2.0,56000.0,Arabic,False,False,0.0,False,False,False,True,False,False,[],44.0,0.0003165468,0.0003021583,1.43885e-05,0.4028776978,0.0007857143,44.0,0.0003165468,0.0003021583,1.43885e-05,0.4028776978,0.00075,3.57143e-05,2025-11-03/2025-11-09,0,0,night,short,none,few,low,medium,0,0,0,٣ مشاريب ديتوكسس زي ما بدكم,1,0.14665824174880981,نابلس فانيلا,Keyword-driven content theme detected from captions.
Vanilla Palestine,Cafes/Restaurants,139000.0,2025-06-24 00:00:00,0.0,Tuesday,6,post,Vanilla’s most loved French Toast.... فرنش توست المفضلة للجميع🥰 #VANILLA_Today_and_everyday #FrenchToastCup#vanilla,130,2,1,580.0,13.0,56000.0,English,False,True,0.0,False,False,False,False,False,False,"['vanilla_today_and_everyday', 'frenchtoastcup']",593.0,0.0042661871,0.0041726619,9.35252e-05,0.4028776978,0.0105892857,593.0,0.0042661871,0.0041726619,9.35252e-05,0.4028776978,0.0103571429,0.0002321429,2025-06-23/2025-06-29,0,0,night,medium,few,few,medium,medium,0,0,0,s most loved french toast فرنش توست المفضله للجميع,5,0.5360170602798462,كيك فانيلا,Keyword-driven content theme detected from captions.
Vanilla Palestine,Cafes/Restaurants,139000.0,2025-06-07 00:00:00,0.0,Saturday,6,post,You Thought You Knew Coffee Right?... Think Again. قهوة الجلي اليابانية لأول مرة فقط في فانيلا #VANILLA_Today_and_everyday #dessert #vanilla_cake #japanese_jelly_coffee,188,4,0,1200.0,31.0,56000.0,English,False,True,0.0,False,False,False,False,False,False,"['vanilla_today_and_everyday', 'dessert', 'vanilla_cake', 'japanese_jelly_coffee']",1231.0,0.0088561151,0.0086330935,0.0002230216,0.4028776978,0.0219821429,1231.0,0.0088561151,0.0086330935,0.0002230216,0.4028776978,0.0214285714,0.0005535714,2025-06-02/2025-06-08,0,0,night,long,few,none,medium,medium,0,0,1,you thought you knew right think again قهوه الجلي اليابانيه لاول مره فقط في فانيلا,5,0.27089887857437134,كيك فانيلا,Keyword-driven content theme detected from captions.
