business_name,sector,followers_count,post_date,posting_hour,day_of_week,month,post_type,caption_text,caption_length,hashtags_count,emoji_count,likes_count,comments_count,views_count,language,CTA_present,promo_post,discount_percent,mentions_location,religious_theme,patriotic_theme,arabic_dialect_style,sponsored,cta_present,hashtags,engagement,engagement_rate,like_rate,comment_rate,view_rate,view_engagement_rate,total_engagement,engagement_rate_followers,likes_rate_followers,comments_rate_followers,views_per_follower,like_view_rate,comment_view_rate,week,is_video,is_reel,posting_time_bin,caption_length_bin,hashtags_count_bin,emoji_count_bin,engagement_level,business_size_bin,high_engagement,high_view_rate,high_comment_rate,hashtag_count,view_rate_ratio,performance_label
Vanilla Palestine,Cafe,139000.0,2025-02-05 00:00:00,0.0,Wednesday,2,reel,شاركونا إجابتكم بالتعليقات 👇 #فانيلا_اليوم_وكل_يوم #vanilla_today_and_everyday,83,2,1,106.0,7.0,15200.0,Arabic,True,False,0.0,False,False,False,True,False,True,"['فانيلا_اليوم_وكل_يوم', 'vanilla_today_and_everyday']",113.0,0.0008129496402877698,0.0007625899,5.03597e-05,0.1093525179856115,0.0074342105,113.0,0.0008129496,0.0007625899,5.03597e-05,0.109352518,0.0069736842,0.0004605263,2025-02-03/2025-02-09,0,1,night,medium,few,few,low,medium,0,0,0,2,0.10201342281879194,low_view_rate
Vanilla Palestine,Cafe,139000.0,2025-02-04 00:00:00,0.0,Tuesday,2,reel,What’s your favorite cake ❤️🍰? #VANILLA_Today_and_everyday,65,1,2,71.0,0.0,11000.0,English,True,False,0.0,False,False,False,False,False,True,['vanilla_today_and_everyday'],71.0,0.0005107913669064748,0.0005107914,0.0,0.07913669064748201,0.0064545455,71.0,0.0005107914,0.0005107914,0.0,0.0791366906,0.0064545455,0.0,2025-02-03/2025-02-09,0,1,night,medium,few,few,low,medium,0,0,0,1,0.07382550335570469,low_view_rate
Vanilla Palestine,Cafe,139000.0,2025-02-01 00:00:00,0.0,Saturday,2,reel,كل يوم له بداية… وأجمل بداية بطاقة إيجابية #فانيلا_اليوم_وكل_يوم,72,1,0,153.0,1.0,12500.0,Arabic,False,False,0.0,False,False,False,True,False,False,['فانيلا_اليوم_وكل_يوم'],154.0,0.0011079136690647481,0.0011007194,7.1942e-06,0.08992805755395683,0.01232,154.0,0.0011079137,0.0011007194,7.1942e-06,0.0899280576,0.01224,8e-05,2025-01-27/2025-02-02,0,1,night,medium,few,none,low,medium,0,0,0,1,0.08389261744966442,low_view_rate
Vanilla Palestine,Cafe,139000.0,2025-01-24 00:00:00,0.0,Friday,1,reel,ومن أهم فوائدها إنها تذهب الحزن.. التلبينة النبوية.. صحية، فوائدها كثيرة ولذيذة هي طبق تقليدي قديم ذكرها الرسول محمد صلى الله عليه وسلم في أحاديث لها فيها من فوائد وشفاء #فانيلا_اليوم_وكل_يوم #vanilla_today_and_everyday,239,2,0,1313.0,0.0,214000.0,Arabic,False,False,0.0,False,True,False,True,False,False,"['فانيلا_اليوم_وكل_يوم', 'vanilla_today_and_everyday']",1313.0,0.009446043165467625,0.0094460432,0.0,1.539568345323741,0.006135514,1313.0,0.0094460432,0.0094460432,0.0,1.5395683453,0.006135514,0.0,2025-01-20/2025-01-26,0,1,night,long,few,none,high,medium,1,0,0,2,1.436241610738255,avg_view_rate
Vanilla Palestine,Cafe,139000.0,2023-10-03 00:00:00,0.0,Tuesday,10,reel,استمر بالأكل أنت بأمان 😜🤤 #فانيلا_اليوم_وكل_يوم #طعام #وزن #أكل #كيك VANILLA #Today_and_Everyday #Food #Eating #Cake #Desserts,142,10,2,963.0,5.0,78200.0,Mixed,False,False,0.0,False,False,False,True,False,False,"['فانيلا_اليوم_وكل_يوم', 'طعام', 'وزن', 'أكل', 'كيك', 'today_and_everyday', 'food', 'eating', 'cake', 'desserts']",968.0,0.006964028776978417,0.0069280576,3.59712e-05,0.5625899280575539,0.0123785166,968.0,0.0069640288,0.0069280576,3.59712e-05,0.5625899281,0.012314578,6.39386e-05,2023-10-02/2023-10-08,0,1,night,long,many,few,medium,medium,0,0,0,10,0.5248322147651007,low_view_rate
Vanilla Palestine,Cafe,139000.0,2023-10-01 00:00:00,0.0,Sunday,10,reel,شرب القهوة بالليل يؤذي المعدة؟ 🤔 #فانيلا_اليوم_وكل_يوم #قهوة #الليل VANILLA #Today_and_Everyday #Coffee #Night,123,6,1,442.0,2.0,37600.0,Mixed,False,False,0.0,False,False,False,True,False,False,"['فانيلا_اليوم_وكل_يوم', 'قهوة', 'الليل', 'today_and_everyday', 'coffee', 'night']",444.0,0.0031942446043165466,0.0031798561,1.43885e-05,0.27050359712230215,0.0118085106,444.0,0.0031942446,0.0031798561,1.43885e-05,0.2705035971,0.0117553191,5.31915e-05,2023-09-25/2023-10-01,0,1,night,medium,many,few,low,medium,0,0,0,6,0.2523489932885906,low_view_rate
Vanilla Palestine,Cafe,139000.0,2023-09-23 00:00:00,0.0,Saturday,9,reel,عرفتوا ايش هو الريجيم الصحيح؟ 🤔 #ريجيم #طعام #حلويات #فانيلا_اليوم_وكل_يوم #كيك #قهوة Diet #Food #Desserts #VANILLA #Today_and_Everyday #Cake #Coffee,177,12,1,557.0,5.0,103000.0,Mixed,True,False,0.0,False,False,False,True,False,True,"['ريجيم', 'طعام', 'حلويات', 'فانيلا_اليوم_وكل_يوم', 'كيك', 'قهوة', 'food', 'desserts', 'vanilla', 'today_and_everyday', 'cake', 'coffee']",562.0,0.004043165467625899,0.0040071942,3.59712e-05,0.7410071942446043,0.0054563107,562.0,0.0040431655,0.0040071942,3.59712e-05,0.7410071942,0.005407767,4.85437e-05,2023-09-18/2023-09-24,0,1,night,long,many,few,medium,medium,0,0,0,12,0.6912751677852349,low_view_rate
Vanilla Palestine,Cafe,139000.0,2023-09-20 00:00:00,0.0,Wednesday,9,reel,تنفسنا أم لِجين ستبقى حينين 💕 PS💕,35,0,2,327.0,1.0,13100.0,Arabic,False,False,0.0,False,False,False,True,False,False,[],328.0,0.0023597122302158272,0.002352518,7.1942e-06,0.09424460431654676,0.0250381679,328.0,0.0023597122,0.002352518,7.1942e-06,0.0942446043,0.0249618321,7.63359e-05,2023-09-18/2023-09-24,0,1,night,short,none,few,low,medium,0,0,0,0,0.08791946308724832,low_view_rate
Vanilla Palestine,Cafe,139000.0,2023-09-19 00:00:00,0.0,Tuesday,9,reel,مين فيكم تركيزه هيك الصبح؟ 😂 #فانيلا_اليوم_وكل_يوم #قهوة #الصباح VANILLA #Today_and_Everyday #Coffee #Morning,124,6,1,467.0,9.0,139000.0,Mixed,True,False,0.0,False,False,False,True,False,True,"['فانيلا_اليوم_وكل_يوم', 'قهوة', 'الصباح', 'today_and_everyday', 'coffee', 'morning']",476.0,0.0034244604316546762,0.0033597122,6.47482e-05,1.0,0.0034244604,476.0,0.0034244604,0.0033597122,6.47482e-05,1.0,0.0033597122,6.47482e-05,2023-09-18/2023-09-24,0,1,night,medium,many,few,low,medium,0,0,0,6,0.9328859060402684,avg_view_rate
Vanilla Palestine,Cafe,139000.0,2023-09-18 00:00:00,0.0,Monday,9,reel,طول بالك! 😂🤭 لما تتعب بالزينة بالاخر يغير رأيه الزبون ويصير بده اياها برا! #فانيلا_اليوم_وكل_يوم #كيك #زينة #قهوة #طول_بالك VANILLA #Today_and_Everyday #Cake #Coffee,201,8,2,885.0,3.0,146000.0,Mixed,False,False,0.0,False,False,False,True,False,False,"['فانيلا_اليوم_وكل_يوم', 'كيك', 'زينة', 'قهوة', 'طول_بالك', 'today_and_everyday', 'cake', 'coffee']",888.0,0.006388489208633093,0.0063669065,2.15827e-05,1.0503597122302157,0.0060821918,888.0,0.0063884892,0.0063669065,2.15827e-05,1.0503597122,0.0060616438,2.05479e-05,2023-09-18/2023-09-24,0,1,night,long,many,few,medium,medium,0,0,0,8,0.9798657718120805,avg_view_rate
Vanilla Palestine,Cafe,139000.0,2023-09-17 00:00:00,0.0,Sunday,9,reel,NEW! 🥳 Mix Berries Cake 🥳 The cake you always dreamed about is now available at all VANILLA Branches 😋😋 #Mixberries #Cake #New #VANILLA #Today_and_Everyday #CakeAndCoffee #كيك #مكس_بيريز #جديد #فانيلا_اليوم_وكل_يوم,260,10,6,1063.0,0.0,106000.0,Mixed,True,True,0.0,True,False,False,True,False,True,"['mixberries', 'cake', 'new', 'vanilla', 'today_and_everyday', 'cakeandcoffee', 'كيك', 'مكس_بيريز', 'جديد', 'فانيلا_اليوم_وكل_يوم']",1063.0,0.007647482014388489,0.007647482,0.0,0.762589928057554,0.0100283019,1063.0,0.007647482,0.007647482,0.0,0.7625899281,0.0100283019,0.0,2023-09-11/2023-09-17,0,1,night,long,many,many,medium,medium,0,0,0,10,0.7114093959731544,low_view_rate
Vanilla Palestine,Cafe,139000.0,2023-09-13 00:00:00,0.0,Wednesday,9,reel,جربتوا الطرطقة؟ 🤭🤔 VANILLA® Cake & Coffee . chocolatetriffle #VANILLA #today_and_everyday #Cake #Coffee #فانيلا #كيك #شوكولاتة #قهوة #اليوم_وكل_يوم #Chocolate #triffle,210,11,2,1721.0,23.0,140000.0,Mixed,True,False,0.0,False,False,False,True,False,True,"['vanilla', 'today_and_everyday', 'cake', 'coffee', 'فانيلا', 'كيك', 'شوكولاتة', 'قهوة', 'اليوم_وكل_يوم', 'chocolate', 'triffle']",1744.0,0.012546762589928057,0.012381295,0.0001654676,1.0071942446043165,0.0124571429,1744.0,0.0125467626,0.012381295,0.0001654676,1.0071942446,0.0122928571,0.0001642857,2023-09-11/2023-09-17,0,1,night,long,many,few,high,medium,1,0,0,11,0.9395973154362416,avg_view_rate
Vanilla Palestine,Cafe,139000.0,2023-09-12 00:00:00,0.0,Tuesday,9,reel,قاعدين على قلوبكم ❤️🥳 #فانيلا_اليوم_وكل_يوم #كيك #قهوة #وينجز #مشاريب VANILLA #Today_and_Everyday #wings #coffee #cake #drinks,156,10,2,1080.0,7.0,143000.0,Mixed,False,False,0.0,False,False,False,True,False,False,"['فانيلا_اليوم_وكل_يوم', 'كيك', 'قهوة', 'وينجز', 'مشاريب', 'today_and_everyday', 'wings', 'coffee', 'cake', 'drinks']",1087.0,0.007820143884892087,0.0077697842,5.03597e-05,1.0287769784172662,0.0076013986,1087.0,0.0078201439,0.0077697842,5.03597e-05,1.0287769784,0.0075524476,4.8951e-05,2023-09-11/2023-09-17,0,1,night,long,many,few,medium,medium,0,0,0,10,0.9597315436241611,avg_view_rate
Vanilla Palestine,Cafe,139000.0,2023-09-10 00:00:00,0.0,Sunday,9,reel,"Taste Like Home CN, Noodles that will make you crave for more Want some? Get some. ❤️ . بفرع الطيرة فقط، وقرّباً نابلس #Today_and_Everyday #noodles #نودلز #اليوم_وكل_يوم",203,4,1,221.0,5.0,33800.0,Mixed,True,True,0.0,True,False,False,True,False,True,"['today_and_everyday', 'noodles', 'نودلز', 'اليوم_وكل_يوم']",226.0,0.0016258992805755397,0.0015899281,3.59712e-05,0.24316546762589927,0.0066863905,226.0,0.0016258993,0.0015899281,3.59712e-05,0.2431654676,0.0065384615,0.000147929,2023-09-04/2023-09-10,0,1,night,long,few,few,low,medium,0,0,0,4,0.22684563758389262,low_view_rate
Vanilla Palestine,Cafe,139000.0,2023-09-09 00:00:00,0.0,Saturday,9,reel,Rainbow Cake 😋😋 #rainbowcake #Today_and_Everyday #VANILLA #فانيلا #اليوم_وكل_يوم #رينبوكيك,111,6,2,275.0,4.0,110000.0,Mixed,False,False,0.0,False,False,False,True,False,False,"['rainbowcake', 'today_and_everyday', 'vanilla', 'فانيلا', 'اليوم_وكل_يوم', 'رينبوكيك']",279.0,0.0020071942446043167,0.0019784173,2.8777e-05,0.7913669064748201,0.0025363636,279.0,0.0020071942,0.0019784173,2.8777e-05,0.7913669065,0.0025,3.63636e-05,2023-09-04/2023-09-10,0,1,night,medium,many,few,low,medium,0,0,0,6,0.7382550335570469,low_view_rate
Vanilla Palestine,Cafe,139000.0,2023-09-08 00:00:00,0.0,Friday,9,reel,There is no better way to bring people together than with Coffee and Cake! 😋 . #today_and_everyday #desserts #coffee #كيك #اليوم_وكل_يوم #قهوة,169,6,1,129.0,0.0,105000.0,Mixed,False,False,0.0,False,False,False,False,False,False,"['today_and_everyday', 'desserts', 'coffee', 'كيك', 'اليوم_وكل_يوم', 'قهوة']",129.0,0.0009280575539568345,0.0009280576,0.0,0.7553956834532374,0.0012285714,129.0,0.0009280576,0.0009280576,0.0,0.7553956835,0.0012285714,0.0,2023-09-04/2023-09-10,0,1,night,long,many,few,low,medium,0,0,0,6,0.7046979865771812,low_view_rate
Vanilla Palestine,Cafe,139000.0,2023-09-06 00:00:00,0.0,Wednesday,9,reel,Orchestrate your mornings to the tune of VANILLA® coffee.. . #today_and_everyday #الصباح #قهوة #فانيلا #اليوم_وكل_يوم #VANILLA #coffee #morning #trending,177,9,0,216.0,0.0,132000.0,Mixed,False,False,0.0,False,False,False,False,False,False,"['today_and_everyday', 'الصباح', 'قهوة', 'فانيلا', 'اليوم_وكل_يوم', 'vanilla', 'coffee', 'morning', 'trending']",216.0,0.0015539568345323742,0.0015539568,0.0,0.9496402877697842,0.0016363636,216.0,0.0015539568,0.0015539568,0.0,0.9496402878,0.0016363636,0.0,2023-09-04/2023-09-10,0,1,night,long,many,none,low,medium,0,0,0,9,0.8859060402684563,avg_view_rate
Vanilla Palestine,Cafe,139000.0,2023-08-24 00:00:00,0.0,Thursday,8,reel,⚠️ اكتشفوا شو الغلط الفادح! اللي صار بالفيديو واكتبوه بالتعليقات لندخل معاً محاولة للسحب مع وحبيبنا شاروما رول 🌯 ومشروب من المشاريب الصيفية الجديدة 🍹 🟢 السحب الصحيح الحاصل على أكبر عدد من اللايكات 🔴 ينتهي السحب في غضون ثلاثة أيام من تاريخ 28/8 😅 شو تستنوا احضروا الفيديو وشاركوه مع أصحابكم 🥳 ملاحظة الجائزة محصورة فقط لطلبة المدرسة، يلي يسي سي سي مي #فانيلا_اليوم_وكل_يوم #مسابقة VANILLA #Today_and_Everyday #competition,510,4,11,453.0,102.0,107000.0,Arabic,True,True,0.0,False,False,False,True,False,True,"['فانيلا_اليوم_وكل_يوم', 'مسابقة', 'today_and_everyday', 'competition']",555.0,0.003992805755395684,0.0032589928,0.0007338129,0.7697841726618705,0.0051869159,555.0,0.0039928058,0.0032589928,0.0007338129,0.7697841727,0.0042336449,0.000953271,2023-08-21/2023-08-27,0,1,night,long,few,many,low,medium,0,0,1,4,0.7181208053691275,low_view_rate
Vanilla Palestine,Cafe,139000.0,2023-08-22 00:00:00,0.0,Tuesday,8,reel,"I’m not a vegetarian, I’m a dessertarian! 🤤🍰 #vanilla #desserts #cake #today_and_everyday #فانيلا #كيك #اليوم_وكل_يوم #سعادة",154,8,2,373.0,0.0,112000.0,Mixed,False,False,0.0,False,False,False,False,False,False,"['vanilla', 'desserts', 'cake', 'today_and_everyday', 'فانيلا', 'كيك', 'اليوم_وكل_يوم', 'سعادة']",373.0,0.0026834532374100718,0.0026834532,0.0,0.8057553956834532,0.0033303571,373.0,0.0026834532,0.0026834532,0.0,0.8057553957,0.0033303571,0.0,2023-08-21/2023-08-27,0,1,night,long,many,few,low,medium,0,0,0,8,0.7516778523489933,low_view_rate
Vanilla Palestine,Cafe,139000.0,2023-08-21 00:00:00,0.0,Monday,8,reel,You can’t buy Happiness but you can buy Ice Cream 😋 . #vanilla #today_and_everyday #icecream #فانيلا #اليوم_وكل_يوم #ايسكريم,146,6,1,481.0,0.0,130000.0,Mixed,False,False,0.0,False,False,False,False,False,False,"['vanilla', 'today_and_everyday', 'icecream', 'فانيلا', 'اليوم_وكل_يوم', 'ايسكريم']",481.0,0.003460431654676259,0.0034604317,0.0,0.935251798561151,0.0037,481.0,0.0034604317,0.0034604317,0.0,0.9352517986,0.0037,0.0,2023-08-21/2023-08-27,0,1,night,long,many,few,low,medium,0,0,0,6,0.87248322147651,avg_view_rate
Vanilla Palestine,Cafe,139000.0,2023-08-20 00:00:00,0.0,Sunday,8,reel,😋 قطعها..غرفها..غمسها.. فوكاشا من فانيلا صنعت بحب 🥰 Focaccia #FreshlyBaked #yummy #Breakfast #VANILLA #VANILLA_Today_and_everyday #فانيلا #فانيلا_اليوم_وكل_يوم,197,8,2,157.0,1.0,108000.0,Mixed,False,True,0.0,False,False,False,True,False,False,"['freshlybaked', 'yummy', 'breakfast', 'vanilla', 'vanilla_today_and_everyday', 'فانيلا', 'فانيلا_اليوم_وكل_يوم']",158.0,0.0011366906474820143,0.0011294964,7.1942e-06,0.7769784172661871,0.001462963,158.0,0.0011366906,0.0011294964,7.1942e-06,0.7769784173,0.0014537037,9.2593e-06,2023-08-14/2023-08-20,0,1,night,long,many,few,low,medium,0,0,0,7,0.7248322147651007,low_view_rate
Vanilla Palestine,Cafe,139000.0,2023-08-16 00:00:00,0.0,Wednesday,8,reel,🍓🥛 مع حليب أو مع برتقال 🍊؟ شاركونا كيف بتفضلوها 😋🥰 الميلك بيريز ميلك شيك 🍓 Mixied Berries Milkshake #mixesberries #milkshake ★★★★★ VANILLA #VANILLA_Today_and_everyday #فانيلا #فانيلا_اليوم_وكل_يوم,248,6,6,475.0,22.0,308000.0,Mixed,True,True,0.0,False,False,False,True,False,True,"['mixesberries', 'milkshake', 'vanilla_today_and_everyday', 'فانيلا', 'فانيلا_اليوم_وكل_يوم']",497.0,0.003575539568345324,0.0034172662,0.0001582734,2.2158273381294964,0.0016136364,497.0,0.0035755396,0.0034172662,0.0001582734,2.2158273381,0.0015422078,7.14286e-05,2023-08-14/2023-08-20,0,1,night,long,many,many,low,medium,0,1,0,5,2.0671140939597317,high_view_rate
Vanilla Palestine,Cafe,139000.0,2023-08-13 00:00:00,0.0,Sunday,8,reel,SanSebastian Cheesecake 🤤😋 تنتقل الى عالم آخر بمجرد البدء بسكب الكراميل على سان سيباستيان تشيزكيك 🤤🤍 #سانسيباستيان #cheesecake #sansebastian #VANILLA #Today_and_Everyday #فانيلا_اليوم_وكل_يوم,236,6,5,561.0,13.0,136000.0,Mixed,False,True,0.0,False,False,False,True,False,False,"['سانسيباستيان', 'cheesecake', 'sansebastian', 'vanilla', 'today_and_everyday', 'فانيلا_اليوم_وكل_يوم']",574.0,0.004129496402877698,0.0040359712,9.35252e-05,0.9784172661870504,0.0042205882,574.0,0.0041294964,0.0040359712,9.35252e-05,0.9784172662,0.004125,9.55882e-05,2023-08-07/2023-08-13,0,1,night,long,many,many,medium,medium,0,0,0,6,0.912751677852349,avg_view_rate
Vanilla Palestine,Cafe,139000.0,2023-08-11 00:00:00,0.0,Friday,8,reel,No no no Wait wait wait🤭🤣 إذا كان عن تجربتكم مع فرنش توست فانيلا 😍😋 🍞⏳ بالخبز الفرنسي المصنوع في مخبز فانيلا #فانيلا_اليوم_وكل_يوم #frenchtoast #vanilla #bakery,194,4,7,665.0,30.0,137000.0,Mixed,False,True,0.0,False,False,False,True,False,False,"['فانيلا_اليوم_وكل_يوم', 'frenchtoast', 'vanilla', 'bakery']",695.0,0.005,0.0047841727,0.0002158273,0.9856115107913669,0.0050729927,695.0,0.005,0.0047841727,0.0002158273,0.9856115108,0.0048540146,0.0002189781,2023-08-07/2023-08-13,0,1,night,long,few,many,medium,medium,0,0,1,4,0.9194630872483222,avg_view_rate
Vanilla Palestine,influancers,87300.0,2025-05-08 00:00:00,0.0,Thursday,5,reel,The NEW Italiano Pudding Tiramisu 😊😊 فانيلا اليوم وكل يوم... #VANILLA_Today_and_everyday #vanilla #dessert #vanilla_cake,129,4,2,1502.0,1500.0,561000.0,Arabic-English,False,True,0.0,False,False,False,False,False,False,"['vanilla_today_and_everyday', 'vanilla', 'dessert', 'vanilla_cake']",3002.0,0.03438717067583047,0.0172050401,0.0171821306,6.426116838487973,0.0053511586,3002.0,0.0343871707,0.0172050401,0.0171821306,6.4261168385,0.0026773619,0.0026737968,2025-05-05/2025-05-11,0,1,night,medium,few,few,high,small,1,1,1,4,5.994833829193478,high_view_rate
Vanilla Palestine,influancers,87300.0,2025-05-05 00:00:00,0.0,Monday,5,reel,فانيلا إلها حكاية... والحكاية بلشت من هون. فانيلا اليوم وكل يوم... #VANILLA_Today_and_everyday #vanilla #dessert #vanilla_cake,132,4,0,2414.0,2500.0,591000.0,Arabic,False,True,0.0,True,False,False,False,False,False,"['vanilla_today_and_everyday', 'vanilla', 'dessert', 'vanilla_cake']",4914.0,0.056288659793814436,0.0276517755,0.0286368843,6.769759450171821,0.0083147208,4914.0,0.0562886598,0.0276517755,0.0286368843,6.7697594502,0.0040846024,0.0042301184,2025-05-05/2025-05-11,0,1,night,medium,few,none,high,small,1,1,1,4,6.3154131783482095,high_view_rate
Vanilla Palestine,influancers,87300.0,2025-05-04 00:00:00,0.0,Sunday,5,reel,هوية فلسطينية مية بالمية 💪 By Palestinian artist @natalienajjarstudio فانيلا اليوم وكل يوم... #VANILLA_Today_and_everyday #vanilla #dessert #vanilla_cake,169,4,1,788.0,800.0,201000.0,Arabic-English,False,True,0.0,False,False,True,False,False,False,"['vanilla_today_and_everyday', 'vanilla', 'dessert', 'vanilla_cake']",1588.0,0.018190148911798397,0.0090263459,0.009163803,2.3024054982817868,0.0079004975,1588.0,0.0181901489,0.0090263459,0.009163803,2.3024054983,0.003920398,0.0039800995,2025-04-28/2025-05-04,0,1,night,long,few,few,high,small,1,1,1,4,2.1478816393367004,high_view_rate
Vanilla Palestine,influancers,87300.0,2025-05-01 00:00:00,0.0,Thursday,5,reel,بتشاركوهم ولا بتخلصهم لحالك؟ 🥺 Share it? Or all yours 🥺؟ فانيلا اليوم وكل يوم... #VANILLA_Today_and_everyday #vanilla #dessert #vanilla_cake,154,4,2,678.0,680.0,186000.0,Arabic-English,True,True,0.0,False,False,False,False,False,True,"['vanilla_today_and_everyday', 'vanilla', 'dessert', 'vanilla_cake']",1358.0,0.015555555555555555,0.007766323,0.0077892325,2.1305841924398625,0.0073010753,1358.0,0.0155555556,0.007766323,0.0077892325,2.1305841924,0.0036451613,0.003655914,2025-04-28/2025-05-04,0,1,night,long,few,few,high,small,1,1,1,4,1.9875919647593348,high_view_rate
Vanilla Palestine,influancers,87300.0,2025-04-28 00:00:00,0.0,Monday,4,reel,جنجر تويست 😋 مش بس تبريد.. بصحي كل خلية فيك 🍹😍 جربوه بجميع فروع فانيلا 🤩 فانيلا اليوم وكل يوم... #ginger_Twist #vanilla #جنجر_تويست,149,3,5,356.0,360.0,361000.0,Arabic,True,True,0.0,False,False,False,False,False,True,"['ginger_twist', 'vanilla', 'جنجر_تويست']",716.0,0.008201603665521192,0.0040778923,0.0041237113,4.135166093928981,0.0019833795,716.0,0.0082016037,0.0040778923,0.0041237113,4.1351660939,0.0009861496,0.0009972299,2025-04-28/2025-05-04,0,1,night,long,few,many,medium,small,0,1,1,3,3.857638168161935,high_view_rate
Vanilla Palestine,influancers,87300.0,2025-04-26 00:00:00,0.0,Saturday,4,reel,نقطة ضعف... بطعم الفيريرو 🍰😊😋 فانيلا اليوم وكل يوم... #ferraro-cheesecake #vanilla,96,2,3,288.0,280.0,370000.0,Arabic,False,True,0.0,False,False,False,False,False,False,"['ferrarocheesecake', 'vanilla', 'ferraro-cheesecake']",568.0,0.006506300114547537,0.0032989691,0.003207331,4.238258877434135,0.0015351351,568.0,0.0065063001,0.0032989691,0.003207331,4.2382588774,0.0007783784,0.0007567568,2025-04-21/2025-04-27,0,1,night,medium,few,few,medium,small,0,1,1,3,3.9538119729083543,high_view_rate
Vanilla Palestine,influancers,87300.0,2025-04-23 00:00:00,0.0,Wednesday,4,reel,المشكلة الوحيدة انها بتخلص بسرعة 😊 فانيلا اليوم وكل يوم... #Macaroons #vanilla,84,2,1,200.0,200.0,238000.0,Arabic,False,True,0.0,False,False,False,False,False,False,"['macaroons', 'vanilla']",400.0,0.004581901489117984,0.0022909507,0.0022909507,2.7262313860252005,0.0016806723,400.0,0.0045819015,0.0022909507,0.0022909507,2.726231386,0.0008403361,0.0008403361,2025-04-21/2025-04-27,0,1,night,medium,few,few,medium,small,0,1,1,2,2.543262836627536,high_view_rate
Vanilla Palestine,influancers,87300.0,2025-04-15 00:00:00,0.0,Tuesday,4,reel,POV: You Visit Vanilla To Taste This Famous Cheesecake 😎😊 #cheesecake #sansebastian #todayandeveryday,112,3,2,747.0,750.0,1000000.0,English,False,True,0.0,False,False,False,False,False,False,"['cheesecake', 'sansebastian', 'todayandeveryday']",1497.0,0.017147766323024054,0.008556701,0.0085910653,11.45475372279496,0.001497,1497.0,0.0171477663,0.008556701,0.0085910653,11.4547537228,0.000747,0.00075,2025-04-14/2025-04-20,0,1,night,medium,few,few,high,small,1,1,1,3,10.685978305157715,high_view_rate
Vanilla Palestine,influancers,87300.0,2025-04-08 00:00:00,0.0,Tuesday,4,reel,🎉 وصلت تشكيلتنا الجديدة من علب الكيك الصغيرة... نكهات فخمة بحجم لطيف ترضي كل الأذواق 😍✨ كيك دبي بنكهتنا الغنية ✨ كيك الفراولة المنعشة 🍓 بلاك فورست لعشاق الشوكولاتة 🍫 كيك التيراميسو الإيطالية الفاخرة 🤎 كيك الكنافة الشرقية بلمسة عصرية 🥛 علب مثالية للإهداء أو الضيافة 😍💝 #cakebox #vanilla #todayandeveryday #reelsvideo,358,4,11,1611.0,1600.0,511000.0,Arabic,False,True,0.0,False,False,False,False,False,False,"['cakebox', 'vanilla', 'todayandeveryday', 'reelsvideo']",3211.0,0.036781214203894616,0.0184536082,0.018327606,5.853379152348224,0.0062837573,3211.0,0.0367812142,0.0184536082,0.018327606,5.8533791523,0.0031526419,0.0031311155,2025-04-07/2025-04-13,0,1,night,long,few,many,high,small,1,1,1,4,5.460534913935592,high_view_rate
Vanilla Palestine,influancers,87300.0,2025-03-28 00:00:00,0.0,Friday,3,reel,Pure delight in every bite! 😍 Homemade Delicious 😊 Crispy Coco Cake #vanilla_today_and_everyday,103,1,2,1983.0,2000.0,1000000.0,English,False,True,0.0,False,False,False,False,False,False,['vanilla_today_and_everyday'],3983.0,0.045624284077892326,0.0227147766,0.0229095074,11.45475372279496,0.003983,3983.0,0.0456242841,0.0227147766,0.0229095074,11.4547537228,0.001983,0.002,2025-03-24/2025-03-30,0,1,night,medium,few,few,high,small,1,1,1,1,10.685978305157715,high_view_rate
Vanilla Palestine,influancers,87300.0,2025-03-21 00:00:00,0.0,Friday,3,reel,تناغم عجيب للنكهات اللذيذة.. 👌🍰 جربوا الآن سان ميسو تشيزكيك الجديدة من فانيلا 😍 #VANILLA_Today_and_everyday #فانيلا_اليوم_وكل_يوم,143,2,4,750.0,750.0,702000.0,Arabic,True,True,0.0,False,False,False,False,False,True,"['vanilla_today_and_everyday', 'فانيلا_اليوم_وكل_يوم']",1500.0,0.01718213058419244,0.0085910653,0.0085910653,8.041237113402062,0.0021367521,1500.0,0.0171821306,0.0085910653,0.0085910653,8.0412371134,0.0010683761,0.0010683761,2025-03-17/2025-03-23,0,1,night,long,few,many,high,small,1,1,1,2,7.5015567702207155,high_view_rate
Vanilla Palestine,influancers,87300.0,2025-03-17 00:00:00,0.0,Monday,3,reel,أمي.. كل عام وانتِ أجمل نعمة 💜🎂 هلا بتقدرو تحجزو كيكة يوم الأم من فانيلا 💌 الحجوزات عبر رسائل الصفحة #mothersday #happymothersday #VANILLA_Today_and_everyday #فانيلا_اليوم_وكل_يوم #يوم_الأم,218,5,4,53.0,60.0,68300.0,Arabic,True,True,0.0,False,False,False,False,False,True,"['mothersday', 'happymothersday', 'vanilla_today_and_everyday', 'فانيلا_اليوم_وكل_يوم', 'يوم_الأم']",113.0,0.0012943871706758304,0.0006071019,0.0006872852,0.7823596792668958,0.0016544656,113.0,0.0012943872,0.0006071019,0.0006872852,0.7823596793,0.0007759883,0.0008784773,2025-03-17/2025-03-23,0,1,night,long,many,many,low,small,0,0,1,5,0.7298523182422719,low_view_rate
Vanilla Palestine,influancers,87300.0,2025-03-17 00:00:00,0.0,Monday,3,reel,أمي.. كل عام وانتِ أجمل نعمة 💜🎂 هلا بتقدرو تحجزو كيكة يوم الأم من فانيلا 💌 الحجوزات عبر رسائل الصفحة #mothersday #happymothersday #VANILLA_Today_and_everyday #فانيلا_اليوم_وكل_يوم #يوم_الأم,218,5,4,214.0,214.0,162000.0,Arabic,True,True,0.0,False,False,False,False,False,True,"['mothersday', 'happymothersday', 'vanilla_today_and_everyday', 'فانيلا_اليوم_وكل_يوم', 'يوم_الأم']",428.0,0.004902634593356243,0.0024513173,0.0024513173,1.8556701030927836,0.0026419753,428.0,0.0049026346,0.0024513173,0.0024513173,1.8556701031,0.0013209877,0.0013209877,2025-03-17/2025-03-23,0,1,night,long,many,many,medium,small,0,1,1,5,1.7311284854355498,high_view_rate
Vanilla Palestine,influancers,87300.0,2025-03-17 00:00:00,0.0,Monday,3,reel,أمي.. كل عام وانتِ أجمل نعمة 💜🎂 هلا بتقدرو تحجزو كيكة يوم الأم من فانيلا 💌 الحجوزات عبر رسائل الصفحة #mothersday #happymothersday #VANILLA_Today_and_everyday #فانيلا_اليوم_وكل_يوم #يوم_الأم,218,5,4,232.0,232.0,240000.0,Arabic,True,True,0.0,False,False,False,False,False,True,"['mothersday', 'happymothersday', 'vanilla_today_and_everyday', 'فانيلا_اليوم_وكل_يوم', 'يوم_الأم']",464.0,0.005315005727376861,0.0026575029,0.0026575029,2.7491408934707904,0.0019333333,464.0,0.0053150057,0.0026575029,0.0026575029,2.7491408935,0.0009666667,0.0009666667,2025-03-17/2025-03-23,0,1,night,long,many,many,medium,small,0,1,1,5,2.5646347932378513,high_view_rate
Vanilla Palestine,influancers,87300.0,2025-03-12 00:00:00,0.0,Wednesday,3,reel,بوفيه الإفطار الرمضاني 🌙 في فانيلا - فرع الطيرة وفرع نابلس ⭐⭐⭐⭐⭐ للحجز: 022961179 أو عبر رسائل الصفحة نستقبل المكالمات يومياً بعد الساعة الواحدة ظهراً #Ramadan2025 #RamadanKareem #VANILLA_Today_and_everyday #فانيلا_اليوم_وكل_يوم,267,4,6,691.0,691.0,150000.0,Arabic,True,True,0.0,True,True,False,False,False,True,"['ramadan2025', 'ramadankareem', 'vanilla_today_and_everyday', 'فانيلا_اليوم_وكل_يوم']",1382.0,0.015830469644902635,0.0079152348,0.0079152348,1.7182130584192439,0.0092133333,1382.0,0.0158304696,0.0079152348,0.0079152348,1.7182130584,0.0046066667,0.0046066667,2025-03-10/2025-03-16,0,1,night,long,few,many,high,small,1,0,1,4,1.6028967457736572,high_view_rate
Vanilla Palestine,influancers,87300.0,2025-03-11 00:00:00,0.0,Tuesday,3,reel,العلاج فوراً 🍰🧁 انت عاشق للأكل 😋🤣 #VANILLA_Today_and_everyday #فانيلا_اليوم_وكل_يوم,93,2,5,1206.0,1200.0,627000.0,Arabic,False,True,0.0,False,False,False,False,False,False,"['vanilla_today_and_everyday', 'فانيلا_اليوم_وكل_يوم']",2406.0,0.027560137457044675,0.013814433,0.0137457045,7.18213058419244,0.0038373206,2406.0,0.0275601375,0.013814433,0.0137457045,7.1821305842,0.001923445,0.0019138756,2025-03-10/2025-03-16,0,1,night,medium,few,many,high,small,1,1,1,2,6.700108397333887,high_view_rate
Vanilla Palestine,influancers,87300.0,2025-03-10 00:00:00,0.0,Monday,3,reel,Delicious & Healthy 😍 Homemade Hot Apple Cider 🍏🍋 #vanilla_today_and_everyday,88,1,4,176.0,180.0,144000.0,English,False,True,0.0,False,False,False,False,False,False,['vanilla_today_and_everyday'],356.0,0.0040778923253150055,0.0020160367,0.0020618557,1.6494845360824741,0.0024722222,356.0,0.0040778923,0.0020160367,0.0020618557,1.6494845361,0.0012222222,0.00125,2025-03-10/2025-03-16,0,1,night,medium,few,many,medium,small,0,0,1,1,1.5387808759427108,high_view_rate
Vanilla Palestine,influancers,87300.0,2025-03-07 00:00:00,0.0,Friday,3,reel,بوفيه الإفطار الرمضاني 🌙 في فانيلا - فرع الطيرة وفرع نابلس ⭐⭐⭐⭐⭐ للحجز: 022961179 أو عبر رسائل الصفحة نستقبل المكالمات يومياً بعد الساعة الواحدة ظهراً #Ramadan2025 #RamadanKareem #VANILLA_Today_and_everyday #فانيلا_اليوم_وكل_يوم,267,4,6,511.0,500.0,149000.0,Arabic,True,True,0.0,True,True,False,False,False,True,"['ramadan2025', 'ramadankareem', 'vanilla_today_and_everyday', 'فانيلا_اليوم_وكل_يوم']",1011.0,0.011580756013745705,0.0058533792,0.0057273769,1.706758304696449,0.0067852349,1011.0,0.011580756,0.0058533792,0.0057273769,1.7067583047,0.0034295302,0.0033557047,2025-03-03/2025-03-09,0,1,night,long,few,many,high,small,1,0,1,4,1.5922107674684993,high_view_rate
Vanilla Palestine,influancers,87300.0,2025-03-04 00:00:00,0.0,Tuesday,3,reel,نستقبل حجوزاتكم الآن بوفيه فانيلا الرمضاني فرع الطيرة وفرع نابلس ⭐⭐⭐⭐⭐ للحجز: 022961179 أو عبر رسائل الصفحة 🌙 رمضان مبارك #Ramadan2025 #RamadanKareem #VANILLA_Today_and_everyday #فانيلا_اليوم_وكل_يوم,243,4,6,506.0,500.0,36700.0,Arabic,True,True,0.0,True,True,False,False,False,True,"['ramadan2025', 'ramadankareem', 'vanilla_today_and_everyday', 'فانيلا_اليوم_وكل_يوم']",1006.0,0.011523482245131729,0.0057961054,0.0057273769,0.42038946162657503,0.0274114441,1006.0,0.0115234822,0.0057961054,0.0057273769,0.4203894616,0.0137874659,0.0136239782,2025-03-03/2025-03-09,0,1,night,long,few,many,high,small,1,0,1,4,0.3921754037992881,low_view_rate
Vanilla Palestine,influancers,87300.0,2025-03-04 00:00:00,0.0,Tuesday,3,reel,Dream Vanilla Cake 😋 creamy and yummy😍 #vanilla_today_and_everyday,76,1,2,560.0,570.0,460000.0,English,False,True,0.0,False,False,False,False,False,False,['vanilla_today_and_everyday'],1130.0,0.012943871706758306,0.0064146621,0.0065292096,5.2691867124856815,0.0024565217,1130.0,0.0129438717,0.0064146621,0.0065292096,5.2691867125,0.0012173913,0.0012391304,2025-03-03/2025-03-09,0,1,night,medium,few,few,high,small,1,1,1,1,4.915550020372549,high_view_rate
Vanilla Palestine,influancers,87300.0,2025-03-02 00:00:00,0.0,Sunday,3,reel,Ramadan 🌙 Milkshake 😍🌴 #Ramadan2025 #RamadanKareem #VANILLA_Today_and_everyday #فانيلا_اليوم_وكل_يوم,122,4,4,282.0,290.0,73800.0,Mixed,False,True,0.0,False,True,False,False,False,False,"['ramadan2025', 'ramadankareem', 'vanilla_today_and_everyday', 'فانيلا_اليوم_وكل_يوم']",572.0,0.006552119129438717,0.0032302405,0.0033218786,0.845360824742268,0.0077506775,572.0,0.0065521191,0.0032302405,0.0033218786,0.8453608247,0.0038211382,0.0039295393,2025-02-24/2025-03-02,0,1,night,medium,few,many,medium,small,0,0,1,4,0.7886251989206393,low_view_rate
Vanilla Palestine,influancers,87300.0,2025-03-01 00:00:00,0.0,Saturday,3,reel,VANILLA® Today and everyday 🍰☕🧋 😍❤️ #vanilla_today_and_everyday,76,1,6,286.0,286.0,97400.0,English,False,True,0.0,True,False,False,False,False,False,['vanilla_today_and_everyday'],572.0,0.006552119129438717,0.0032760596,0.0032760596,1.1156930126002291,0.0058726899,572.0,0.0065521191,0.0032760596,0.0032760596,1.1156930126,0.002936345,0.002936345,2025-02-24/2025-03-02,0,1,night,medium,few,many,medium,small,0,0,1,1,1.0408142869223613,avg_view_rate
Vanilla Palestine,influancers,87300.0,2025-02-17 00:00:00,0.0,Monday,2,reel,تيراميسو إيطاليانو الساخن ✨ لذيذ ومميز 😊 Tiramisu Italiano hot drink #فانيلا_اليوم_وكل_يوم #vanilla_today_and_everyday,139,2,2,1100.0,1100.0,399000.0,Mixed,False,True,0.0,False,False,False,False,False,False,"['فانيلا_اليوم_وكل_يوم', 'vanilla_today_and_everyday']",2200.0,0.025200458190148912,0.0126002291,0.0126002291,4.570446735395189,0.0055137845,2200.0,0.0252004582,0.0126002291,0.0126002291,4.5704467354,0.0027568922,0.0027568922,2025-02-17/2025-02-23,0,1,night,medium,few,few,high,small,1,1,1,2,4.263705343757928,high_view_rate
Vanilla Palestine,influancers,87300.0,2025-02-15 00:00:00,0.0,Saturday,2,reel,Choose your dessert for tonight 🍰💕 #VANILLA_Today_and_everyday,72,1,2,3308.0,3300.0,539000.0,English,True,True,0.0,False,False,False,False,False,True,['vanilla_today_and_everyday'],6608.0,0.07569301260022909,0.0378923253,0.0378006873,6.174112256586484,0.0122597403,6608.0,0.0756930126,0.0378923253,0.0378006873,6.1741122566,0.0061372913,0.006122449,2025-02-10/2025-02-16,0,1,night,medium,few,few,high,small,1,1,1,1,5.759742306480009,high_view_rate
Vanilla Palestine,Cafes/Restaurants,139000.0,2026-01-10 00:00:00,0.0,Saturday,1,reel,Perfect Alfajores🤭,19,0,1,541.0,11.0,462000.0,English,False,True,0.0,False,False,False,False,False,False,[],552.0,0.003971223021582734,0.0038920863,7.91367e-05,3.323741007194245,0.0011948052,552.0,0.003971223,0.0038920863,7.91367e-05,3.3237410072,0.0011709957,2.38095e-05,2026-01-05/2026-01-11,0,1,night,short,none,few,low,medium,0,1,0,0,3.1006711409395975,high_view_rate
Vanilla Palestine,Cafes/Restaurants,139000.0,2026-01-16 00:00:00,0.0,Friday,1,reel,#فانيلا_اليوم_وكل_يوم,22,1,0,54.0,7.0,198000.0,Arabic,False,True,0.0,False,False,False,True,False,False,['فانيلا_اليوم_وكل_يوم'],61.0,0.00043884892086330936,0.0003884892,5.03597e-05,1.4244604316546763,0.0003080808,61.0,0.0004388489,0.0003884892,5.03597e-05,1.4244604317,0.0002727273,3.53535e-05,2026-01-12/2026-01-18,0,1,night,short,few,none,low,medium,0,0,0,1,1.3288590604026846,avg_view_rate
Vanilla Palestine,Cafes/Restaurants,139000.0,2026-01-20 00:00:00,0.0,Tuesday,1,reel,#vanilla_today_and_everyday #vanilla_cake,42,2,0,31.0,0.0,41500.0,English,False,True,0.0,False,False,False,False,False,False,"['vanilla_today_and_everyday', 'vanilla_cake']",31.0,0.00022302158273381295,0.0002230216,0.0,0.29856115107913667,0.000746988,31.0,0.0002230216,0.0002230216,0.0,0.2985611511,0.000746988,0.0,2026-01-19/2026-01-25,0,1,night,short,few,none,low,medium,0,0,0,2,0.2785234899328859,low_view_rate
Vanilla Palestine,Cafes/Restaurants,139000.0,2026-01-25 00:00:00,0.0,Sunday,1,reel,كفوفك كفوفك! #vanillabakery #فانيلا_اليوم_وكل_يوم,57,2,0,23.0,0.0,662000.0,Mixed,False,True,0.0,False,False,False,True,False,False,"['vanillabakery', 'فانيلا_اليوم_وكل_يوم']",23.0,0.00016546762589928057,0.0001654676,0.0,4.762589928057554,3.47432e-05,23.0,0.0001654676,0.0001654676,0.0,4.7625899281,3.47432e-05,0.0,2026-01-19/2026-01-25,0,1,night,short,few,none,low,medium,0,1,0,2,4.442953020134228,high_view_rate
Vanilla Palestine,Cafes/Restaurants,139000.0,2026-01-28 00:00:00,0.0,Wednesday,1,reel,Ferrero Cake,12,0,0,515.0,10.0,344000.0,English,False,True,0.0,False,False,False,False,False,False,[],525.0,0.003776978417266187,0.003705036,7.19424e-05,2.4748201438848922,0.0015261628,525.0,0.0037769784,0.003705036,7.19424e-05,2.4748201439,0.001497093,2.90698e-05,2026-01-26/2026-02-01,0,1,night,short,none,none,low,medium,0,1,0,0,2.3087248322147653,high_view_rate
Vanilla Palestine,Cafes/Restaurants,139000.0,2026-02-05 00:00:00,0.0,Thursday,2,reel,New year new me 😍😍😍,21,0,3,2155.0,10.0,348000.0,English,False,True,0.0,False,False,False,False,False,False,[],2165.0,0.015575539568345323,0.0155035971,7.19424e-05,2.5035971223021583,0.0062212644,2165.0,0.0155755396,0.0155035971,7.19424e-05,2.5035971223,0.0061925287,2.87356e-05,2026-02-02/2026-02-08,0,1,night,short,none,few,high,medium,1,1,0,0,2.335570469798658,high_view_rate
Vanilla Palestine,Cafes/Restaurants,139000.0,2026-02-08 00:00:00,0.0,Sunday,2,reel,Everyday is a Cake Day 😍😍😍 #vanilla_today_and_everyday #فانيلا_اليوم_وكل_يوم,81,2,3,2100.0,10.0,132000.0,Mixed,False,True,0.0,False,False,False,True,False,False,"['vanilla_today_and_everyday', 'فانيلا_اليوم_وكل_يوم']",2110.0,0.015179856115107913,0.0151079137,7.19424e-05,0.9496402877697842,0.0159848485,2110.0,0.0151798561,0.0151079137,7.19424e-05,0.9496402878,0.0159090909,7.57576e-05,2026-02-02/2026-02-08,0,1,night,medium,few,few,high,medium,1,0,0,2,0.8859060402684563,avg_view_rate
Vanilla Palestine,Cafes/Restaurants,139000.0,2026-02-18 00:00:00,0.0,Wednesday,2,reel,قريباً في نابلس، افتتاح فرع جديد. #فانيلا_اليوم_وكل_يوم,58,1,0,1652.0,163.0,213000.0,Arabic,True,True,0.0,True,False,False,True,False,True,['فانيلا_اليوم_وكل_يوم'],1815.0,0.013057553956834533,0.0118848921,0.0011726619,1.5323741007194245,0.0085211268,1815.0,0.013057554,0.0118848921,0.0011726619,1.5323741007,0.0077558685,0.0007652582,2026-02-16/2026-02-22,0,1,night,short,few,none,high,medium,1,0,1,1,1.429530201342282,avg_view_rate
Vanilla Palestine,Cafes/Restaurants,139000.0,2026-02-22 00:00:00,0.0,Sunday,2,reel,POV: Vanilla Cookies 😍,23,0,1,812.0,18.0,287000.0,English,False,True,0.0,False,False,False,False,False,False,[],830.0,0.005971223021582734,0.0058417266,0.0001294964,2.064748201438849,0.0028919861,830.0,0.005971223,0.0058417266,0.0001294964,2.0647482014,0.0028292683,6.27178e-05,2026-02-16/2026-02-22,0,1,night,short,none,few,medium,medium,0,1,0,0,1.9261744966442953,high_view_rate
Vanilla Palestine,Cafes/Restaurants,139000.0,2026-02-25 00:00:00,0.0,Wednesday,2,reel,شو رأيكم بالديكور الجديد؟ 🤍,29,0,1,1330.0,52.0,179000.0,Arabic,True,False,0.0,False,False,False,True,False,True,[],1382.0,0.009942446043165468,0.0095683453,0.0003741007,1.2877697841726619,0.0077206704,1382.0,0.009942446,0.0095683453,0.0003741007,1.2877697842,0.0074301676,0.0002905028,2026-02-23/2026-03-01,0,1,night,short,none,few,high,medium,1,0,1,0,1.2013422818791946,avg_view_rate
Vanilla Palestine,Cafes/Restaurants,139000.0,2026-03-02 00:00:00,0.0,Monday,3,reel,Freshly baked croissants 🥐,28,0,1,975.0,21.0,154000.0,English,False,True,0.0,False,False,False,False,False,False,[],996.0,0.00716546762589928,0.0070143885,0.0001510791,1.1079136690647482,0.0064675325,996.0,0.0071654676,0.0070143885,0.0001510791,1.1079136691,0.0063311688,0.0001363636,2026-03-02/2026-03-08,0,1,night,short,none,few,medium,medium,0,0,0,0,1.0335570469798658,avg_view_rate
Vanilla Palestine,Cafes/Restaurants,139000.0,2026-03-06 00:00:00,0.0,Friday,3,reel,رمضان كريم 🌙✨,14,0,2,2450.0,84.0,401000.0,Arabic,False,True,0.0,False,True,False,True,False,False,[],2534.0,0.01823021582733813,0.0176258993,0.0006043165,2.884892086330935,0.006319202,2534.0,0.0182302158,0.0176258993,0.0006043165,2.8848920863,0.0061097257,0.0002094763,2026-03-02/2026-03-08,0,1,night,short,none,few,high,medium,1,1,1,0,2.6912751677852347,high_view_rate
Vanilla Palestine,Cafes/Restaurants,139000.0,2026-03-09 00:00:00,0.0,Monday,3,reel,Chocolate overload 🍫,21,0,1,1442.0,35.0,224000.0,English,False,True,0.0,False,False,False,False,False,False,[],1477.0,0.01062589928057554,0.0103741007,0.0002517986,1.6115107913669064,0.00659375,1477.0,0.0106258993,0.0103741007,0.0002517986,1.6115107914,0.0064375,0.00015625,2026-03-09/2026-03-15,0,1,night,short,none,few,high,medium,1,0,1,0,1.5033557046979866,high_view_rate
Vanilla Palestine,Cafes/Restaurants,139000.0,2026-03-11 00:00:00,0.0,Wednesday,3,reel,Our Ramadan atmosphere ✨,26,0,1,1700.0,41.0,267000.0,English,False,False,0.0,True,True,False,False,False,False,[],1741.0,0.012525179856115108,0.0122302158,0.000294964,1.920863309352518,0.0065205993,1741.0,0.0125251799,0.0122302158,0.000294964,1.9208633094,0.0063670412,0.0001535581,2026-03-09/2026-03-15,0,1,night,short,none,few,high,medium,1,1,1,0,1.7919463087248322,high_view_rate
Vanilla Palestine,Cafes/Restaurants,139000.0,2026-03-14 00:00:00,0.0,Saturday,3,reel,مين جاهز للحلويات الرمضانية؟ 😍,31,0,1,1940.0,73.0,322000.0,Arabic,True,True,0.0,False,True,False,True,False,True,[],2013.0,0.01448201438848921,0.0139568345,0.0005251799,2.316546762589928,0.0062515528,2013.0,0.0144820144,0.0139568345,0.0005251799,2.3165467626,0.0060248447,0.0002267081,2026-03-09/2026-03-15,0,1,night,short,none,few,high,medium,1,1,1,0,2.1610738255033555,high_view_rate
Vanilla Palestine,Cafes/Restaurants,139000.0,2026-03-18 00:00:00,0.0,Wednesday,3,reel,"Mini cakes, maximum happiness 🎂",33,0,1,1200.0,22.0,164000.0,English,False,True,0.0,False,False,False,False,False,False,[],1222.0,0.00879136690647482,0.0086330935,0.0001582734,1.1798561151079137,0.0074512195,1222.0,0.0087913669,0.0086330935,0.0001582734,1.1798561151,0.0073170732,0.0001341463,2026-03-16/2026-03-22,0,1,night,short,none,few,medium,medium,0,0,0,0,1.1006711409395973,avg_view_rate
Vanilla Palestine,Cafes/Restaurants,139000.0,2026-03-20 00:00:00,0.0,Friday,3,reel,فانيلا غير 😍,12,0,1,1110.0,29.0,173000.0,Arabic,False,True,0.0,False,False,False,True,False,False,[],1139.0,0.008194244604316546,0.0079856115,0.0002086331,1.2446043165467626,0.006583815,1139.0,0.0081942446,0.0079856115,0.0002086331,1.2446043165,0.006416185,0.0001676301,2026-03-16/2026-03-22,0,1,night,short,none,few,medium,medium,0,0,1,0,1.1610738255033557,avg_view_rate
Vanilla Palestine,Cafes/Restaurants,139000.0,2026-03-24 00:00:00,0.0,Tuesday,3,reel,Iced coffee season officially started ☕,39,0,1,2080.0,48.0,352000.0,English,False,True,0.0,False,False,False,False,False,False,[],2128.0,0.015309352517985611,0.0149640288,0.0003453237,2.5323741007194243,0.0060454545,2128.0,0.0153093525,0.0149640288,0.0003453237,2.5323741007,0.0059090909,0.0001363636,2026-03-23/2026-03-29,0,1,night,short,none,few,high,medium,1,1,1,0,2.36241610738255,high_view_rate
Vanilla Palestine,Cafes/Restaurants,139000.0,2026-03-28 00:00:00,0.0,Saturday,3,reel,لقمة وبتعشقها 😋,16,0,1,1422.0,27.0,211000.0,Arabic,False,True,0.0,False,False,False,True,False,False,[],1449.0,0.010424460431654676,0.0102302158,0.0001942446,1.5179856115107915,0.0068672986,1449.0,0.0104244604,0.0102302158,0.0001942446,1.5179856115,0.0067393365,0.0001279621,2026-03-23/2026-03-29,0,1,night,short,none,few,high,medium,1,0,0,0,1.4161073825503356,avg_view_rate
Vanilla Palestine,Cafes/Restaurants,139000.0,2026-04-01 00:00:00,0.0,Wednesday,4,reel,Cheesecake lovers where you at?,33,0,0,1320.0,31.0,188000.0,English,True,True,0.0,False,False,False,False,False,True,[],1351.0,0.009719424460431655,0.0094964029,0.0002230216,1.3525179856115108,0.0071861702,1351.0,0.0097194245,0.0094964029,0.0002230216,1.3525179856,0.0070212766,0.0001648936,2026-03-30/2026-04-05,0,1,night,short,none,none,high,medium,1,0,1,0,1.261744966442953,avg_view_rate
Vanilla Palestine,Cafes/Restaurants,139000.0,2026-04-04 00:00:00,0.0,Saturday,4,reel,شو طلبكم المفضل من فانيلا؟ 🤍,31,0,1,1540.0,96.0,241000.0,Arabic,True,False,0.0,False,False,False,True,False,True,[],1636.0,0.011769784172661871,0.0110791367,0.0006906475,1.7338129496402879,0.0067883817,1636.0,0.0117697842,0.0110791367,0.0006906475,1.7338129496,0.0063900415,0.0003983402,2026-03-30/2026-04-05,0,1,night,short,none,few,high,medium,1,1,1,0,1.6174496644295302,high_view_rate
Vanilla Palestine,Cafes/Restaurants,139000.0,2026-04-08 00:00:00,0.0,Wednesday,4,reel,Behind the scenes 🎥,22,0,1,1180.0,19.0,145000.0,English,False,False,0.0,False,False,False,False,False,False,[],1199.0,0.00862589928057554,0.0084892086,0.0001366906,1.0431654676258992,0.0082689655,1199.0,0.0086258993,0.0084892086,0.0001366906,1.0431654676,0.008137931,0.0001310345,2026-04-06/2026-04-12,0,1,night,short,none,few,medium,medium,0,0,0,0,0.9731543624161073,avg_view_rate
Vanilla Palestine,Cafes/Restaurants,139000.0,2026-04-12 00:00:00,0.0,Sunday,4,reel,Fresh cookies every morning 🍪,30,0,1,1265.0,24.0,176000.0,English,False,True,0.0,False,False,False,False,False,False,[],1289.0,0.00927338129496403,0.0091007194,0.0001726619,1.2661870503597121,0.0073238636,1289.0,0.0092733813,0.0091007194,0.0001726619,1.2661870504,0.0071875,0.0001363636,2026-04-06/2026-04-12,0,1,night,short,none,few,medium,medium,0,0,0,0,1.181208053691275,avg_view_rate
Vanilla Palestine,Cafes/Restaurants,139000.0,2026-04-15 00:00:00,0.0,Wednesday,4,reel,صباح الخير من فانيلا ☀️,23,0,1,1470.0,36.0,194000.0,Arabic,False,False,0.0,True,False,False,True,False,False,[],1506.0,0.01083453237410072,0.0105755396,0.0002589928,1.39568345323741,0.0077628866,1506.0,0.0108345324,0.0105755396,0.0002589928,1.3956834532,0.0075773196,0.000185567,2026-04-13/2026-04-19,0,1,night,short,none,few,high,medium,1,0,1,0,1.3020134228187918,avg_view_rate
Vanilla Palestine,Cafe,139000.0,2025-03-14 00:00:00,0.0,Friday,3,reel,اكبر كمية لفرع نابلس 🥰✌️,28,3,2,415.0,0.0,971000.0,Arabic,False,True,0.0,True,True,False,True,False,False,[],415.0,0.002985611510791367,0.0029856115,0.0,6.985611510791367,0.0004273944,415.0,0.0029856115,0.0029856115,0.0,6.9856115108,0.0004273944,0.0,2025-03-10/2025-03-16,0,1,night,short,few,few,low,medium,0,1,0,0,6.516778523489933,high_view_rate
Vanilla Palestine,Cafe,139000.0,2025-03-12 00:00:00,0.0,Wednesday,3,reel,سكوب الكوكيز بفانيلا 😍😋,24,4,2,911.0,9.0,197000.0,Arabic,False,True,0.0,False,False,False,True,False,False,[],920.0,0.006618705035971223,0.0065539568,6.47482e-05,1.4172661870503598,0.0046700508,920.0,0.006618705,0.0065539568,6.47482e-05,1.4172661871,0.0046243655,4.56853e-05,2025-03-10/2025-03-16,0,1,night,short,few,few,medium,medium,0,0,0,0,1.3221476510067114,avg_view_rate
Vanilla Palestine,Cafe,139000.0,2025-03-12 00:00:00,0.0,Wednesday,3,reel,الأجواء بتحلى مع فانيلا,23,0,0,153.0,0.0,24200.0,Arabic,False,False,0.0,False,True,False,True,False,False,[],153.0,0.0011007194244604316,0.0011007194,0.0,0.17410071942446043,0.006322314,153.0,0.0011007194,0.0011007194,0.0,0.1741007194,0.006322314,0.0,2025-03-10/2025-03-16,0,1,night,short,none,none,low,medium,0,0,0,0,0.16241610738255033,low_view_rate
Vanilla Palestine,Cafe,139000.0,2025-03-11 00:00:00,0.0,Tuesday,3,reel,من الآن، بتقدرو تحجزوا فطوركم بكرا في فرعنا بوسط البلد 🌙,63,3,1,1454.0,2.0,609000.0,Arabic,True,True,0.0,True,True,False,True,False,True,[],1456.0,0.010474820143884893,0.0104604317,1.43885e-05,4.381294964028777,0.0023908046,1456.0,0.0104748201,0.0104604317,1.43885e-05,4.381294964,0.0023875205,3.2841e-06,2025-03-10/2025-03-16,0,1,night,medium,few,few,high,medium,1,1,0,0,4.087248322147651,high_view_rate
Vanilla Palestine,Cafe,139000.0,2025-03-09 00:00:00,0.0,Sunday,3,reel,بوفيه فانيلا النابلسي 🌙😍,26,3,2,141.0,4.0,39600.0,Arabic,False,True,0.0,True,True,False,True,False,False,[],145.0,0.0010431654676258994,0.0010143885,2.8777e-05,0.28489208633093527,0.0036616162,145.0,0.0010431655,0.0010143885,2.8777e-05,0.2848920863,0.0035606061,0.0001010101,2025-03-03/2025-03-09,0,1,night,short,few,few,low,medium,0,0,0,0,0.2657718120805369,low_view_rate
Vanilla Palestine,Cafe,139000.0,2025-03-06 00:00:00,0.0,Thursday,3,reel,كلكم اتفقتوا على انها أطيب ام علي في فانيلا 😍,48,0,1,431.0,12.0,218000.0,Arabic,False,True,0.0,False,True,False,True,False,False,[],443.0,0.0031870503597122304,0.0031007194,8.63309e-05,1.5683453237410072,0.0020321101,443.0,0.0031870504,0.0031007194,8.63309e-05,1.5683453237,0.0019770642,5.50459e-05,2025-03-03/2025-03-09,0,1,night,short,none,few,low,medium,0,0,0,0,1.4630872483221478,avg_view_rate
Vanilla Palestine,Cafe,139000.0,2025-03-05 00:00:00,0.0,Wednesday,3,reel,16 رمضان,9,0,0,308.0,18.0,133000.0,Arabic,False,False,0.0,False,True,False,False,False,False,[],326.0,0.0023453237410071943,0.0022158273,0.0001294964,0.9568345323741008,0.0024511278,326.0,0.0023453237,0.0022158273,0.0001294964,0.9568345324,0.0023157895,0.0001353383,2025-03-03/2025-03-09,0,1,night,short,none,none,low,medium,0,0,0,0,0.8926174496644296,avg_view_rate
Vanilla Palestine,Cafe,139000.0,2025-03-02 00:00:00,0.0,Sunday,3,reel,رمضان فانيلا 🌙🤍,17,2,2,325.0,1.0,652000.0,Arabic,False,True,0.0,True,True,True,True,False,False,[],326.0,0.0023453237410071943,0.0023381295,7.1942e-06,4.690647482014389,0.0005,326.0,0.0023453237,0.0023381295,7.1942e-06,4.690647482,0.0004984663,1.5337e-06,2025-02-24/2025-03-02,0,1,night,short,few,few,low,medium,0,1,0,0,4.375838926174497,high_view_rate
Vanilla Palestine,Cafe,139000.0,2025-02-28 00:00:00,0.0,Friday,2,reel,اكثر من انه حلو 😍,18,2,1,2630.0,6.0,652000.0,Arabic,False,True,0.0,False,True,False,True,False,False,[],2636.0,0.018964028776978416,0.0189208633,4.31655e-05,4.690647482014389,0.0040429448,2636.0,0.0189640288,0.0189208633,4.31655e-05,4.690647482,0.0040337423,9.2025e-06,2025-02-24/2025-03-02,0,1,night,short,few,few,high,medium,1,1,0,0,4.375838926174497,high_view_rate
Vanilla Palestine,Cafe,139000.0,2025-02-24 00:00:00,0.0,Monday,2,reel,طبقات من القشطة و التمر الفاخر 🌙😍,37,2,2,1475.0,2.0,566000.0,Arabic,False,True,0.0,False,True,False,True,False,False,[],1477.0,0.01062589928057554,0.0106115108,1.43885e-05,4.071942446043166,0.0026095406,1477.0,0.0106258993,0.0106115108,1.43885e-05,4.071942446,0.0026060071,3.5336e-06,2025-02-24/2025-03-02,0,1,night,short,few,few,high,medium,1,1,0,0,3.798657718120806,high_view_rate
Vanilla Palestine,Cafe,139000.0,2025-02-23 00:00:00,0.0,Sunday,2,reel,بعد الإفطار في فانيلا 🌙🤍✌️,30,3,3,2898.0,4.0,82600.0,Arabic,False,False,0.0,True,True,False,True,False,False,[],2902.0,0.02087769784172662,0.0208489209,2.8777e-05,0.5942446043165468,0.0351331719,2902.0,0.0208776978,0.0208489209,2.8777e-05,0.5942446043,0.0350847458,4.84262e-05,2025-02-17/2025-02-23,0,1,night,short,few,few,high,medium,1,0,0,0,0.5543624161073826,low_view_rate
Vanilla Palestine,Cafe,139000.0,2025-02-21 00:00:00,0.0,Friday,2,reel,نستقبلكم على البوفيه فانيلا في فرعنا نابلس و الطيرة 🥳,58,3,1,259.0,1.0,956000.0,Arabic,True,True,0.0,True,True,False,True,False,True,[],260.0,0.0018705035971223023,0.0018633094,7.1942e-06,6.877697841726619,0.0002719665,260.0,0.0018705036,0.0018633094,7.1942e-06,6.8776978417,0.0002709205,1.046e-06,2025-02-17/2025-02-23,0,1,night,short,few,few,low,medium,0,1,0,0,6.416107382550336,high_view_rate
Vanilla Palestine,Cafe,139000.0,2025-02-18 00:00:00,0.0,Tuesday,2,reel,انتظرونا في خامس ايام من رمضان على البوفيه الرمضاني ❤️,58,1,1,1653.0,8.0,213000.0,Arabic,True,True,0.0,True,True,False,True,False,True,[],1661.0,0.011949640287769785,0.0118920863,5.7554e-05,1.5323741007194245,0.0077981221,1661.0,0.0119496403,0.0118920863,5.7554e-05,1.5323741007,0.0077605634,3.75587e-05,2025-02-17/2025-02-23,0,1,night,short,few,few,high,medium,1,0,0,0,1.429530201342282,avg_view_rate
Vanilla Palestine,Cafe,139000.0,2025-02-08 00:00:00,0.0,Saturday,2,reel,Everyday Is a Cake Day 🍰😊😊 #vanilla_today_and_everyday #فانيلا_اليوم_وكل_يوم,89,2,3,2101.0,8.0,132000.0,Mixed,False,True,0.0,False,False,False,False,False,False,"['vanilla_today_and_everyday', 'فانيلا_اليوم_وكل_يوم']",2109.0,0.015172661870503597,0.0151151079,5.7554e-05,0.9496402877697842,0.0159772727,2109.0,0.0151726619,0.0151151079,5.7554e-05,0.9496402878,0.0159166667,6.06061e-05,2025-02-03/2025-02-09,0,1,night,medium,few,few,high,medium,1,0,0,2,0.8859060402684563,avg_view_rate
Vanilla Palestine,Cafe,139000.0,2025-02-05 00:00:00,0.0,Wednesday,2,reel,New year new me 😲😲😲,23,0,3,18600.0,725.0,662000.0,English,False,False,0.0,False,False,False,False,True,False,[],19325.0,0.13902877697841726,0.1338129496,0.0052158273,4.762589928057554,0.0291918429,19325.0,0.139028777,0.1338129496,0.0052158273,4.7625899281,0.0280966767,0.0010951662,2025-02-03/2025-02-09,0,1,night,short,none,few,high,medium,1,1,1,0,4.442953020134228,high_view_rate
Vanilla Palestine,Cafe,139000.0,2025-01-28 00:00:00,0.0,Tuesday,1,reel,الآن .. عرفنا وين راح,22,0,0,516.0,29.0,41500.0,Arabic,False,False,0.0,False,False,False,True,False,False,[],545.0,0.003920863309352518,0.0037122302,0.0002086331,0.29856115107913667,0.0131325301,545.0,0.0039208633,0.0037122302,0.0002086331,0.2985611511,0.0124337349,0.0006987952,2025-01-27/2025-02-02,0,1,night,short,none,none,low,medium,0,0,1,0,0.2785234899328859,low_view_rate
Vanilla Palestine,Cafe,139000.0,2025-01-25 00:00:00,0.0,Saturday,1,reel,كعك القدس كل اشي منعمله فيه 🤗😍,33,2,2,4218.0,34.0,198000.0,Arabic,False,True,0.0,True,False,True,True,False,False,[],4252.0,0.030589928057553957,0.0303453237,0.0002446043,1.4244604316546763,0.0214747475,4252.0,0.0305899281,0.0303453237,0.0002446043,1.4244604317,0.0213030303,0.0001717172,2025-01-20/2025-01-26,0,1,night,short,few,few,high,medium,1,0,1,0,1.3288590604026846,avg_view_rate
Vanilla Palestine,Cafe,139000.0,2025-01-20 00:00:00,0.0,Monday,1,reel,فيريرو كيك 🍫,13,2,1,316.0,5.0,344000.0,Arabic,False,True,0.0,False,False,False,True,False,False,[],321.0,0.0023093525179856116,0.0022733813,3.59712e-05,2.4748201438848922,0.0009331395,321.0,0.0023093525,0.0022733813,3.59712e-05,2.4748201439,0.0009186047,1.45349e-05,2025-01-20/2025-01-26,0,1,night,short,few,few,low,medium,0,1,0,0,2.3087248322147653,high_view_rate
Vanilla Palestine,Cafe,139000.0,2025-01-16 00:00:00,0.0,Thursday,1,reel,💗 لكم,6,2,1,633.0,21.0,348000.0,Arabic,False,False,0.0,False,False,False,True,False,False,[],654.0,0.004705035971223022,0.0045539568,0.0001510791,2.5035971223021583,0.0018793103,654.0,0.004705036,0.0045539568,0.0001510791,2.5035971223,0.0018189655,6.03448e-05,2025-01-13/2025-01-19,0,1,night,short,few,few,medium,medium,0,1,0,0,2.335570469798658,high_view_rate
Vanilla Palestine,Cafe,139000.0,2025-01-10 00:00:00,0.0,Friday,1,reel,Perfect Alfajores🤭,19,0,1,541.0,11.0,462000.0,English,False,True,0.0,False,False,False,False,False,False,[],552.0,0.003971223021582734,0.0038920863,7.91367e-05,3.323741007194245,0.0011948052,552.0,0.003971223,0.0038920863,7.91367e-05,3.3237410072,0.0011709957,2.38095e-05,2025-01-06/2025-01-12,0,1,night,short,none,few,low,medium,0,1,0,0,3.1006711409395975,high_view_rate
Vanilla Palestine,Cafe,139000.0,2025-01-08 00:00:00,0.0,Wednesday,1,reel,نابلس الجميلة 🫶✌️,18,0,2,854.0,19.0,355000.0,Arabic,False,False,0.0,True,False,False,True,False,False,[],873.0,0.006280575539568345,0.0061438849,0.0001366906,2.553956834532374,0.0024591549,873.0,0.0062805755,0.0061438849,0.0001366906,2.5539568345,0.0024056338,5.35211e-05,2025-01-06/2025-01-12,0,1,night,short,none,few,medium,medium,0,1,0,0,2.38255033557047,high_view_rate
Vanilla Palestine,Cafe,139000.0,2025-01-06 00:00:00,0.0,Monday,1,reel,"Your favorite cake is freshly prepared here.
كل ما تحب يصنع هنا 🥰",69,0,1,945.0,48.0,152000.0,Mixed,False,True,0.0,False,False,False,True,False,False,[],993.0,0.007143884892086331,0.0067985612,0.0003453237,1.0935251798561152,0.0065328947,993.0,0.0071438849,0.0067985612,0.0003453237,1.0935251799,0.0062171053,0.0003157895,2025-01-06/2025-01-12,0,1,night,medium,none,few,medium,medium,0,0,1,0,1.0201342281879195,avg_view_rate
Vanilla Palestine,Cafe,139000.0,2025-01-04 00:00:00,0.0,Saturday,1,reel,📍 AlIrsal branch Vibes,24,0,1,843.0,10.0,548000.0,English,False,False,0.0,True,False,False,False,False,False,[],853.0,0.006136690647482014,0.0060647482,7.19424e-05,3.9424460431654675,0.0015565693,853.0,0.0061366906,0.0060647482,7.19424e-05,3.9424460432,0.0015383212,1.82482e-05,2024-12-30/2025-01-05,0,1,night,short,none,few,medium,medium,0,1,0,0,3.6778523489932886,high_view_rate
Vanilla Palestine,Cafes/Restaurants,139000.0,2026-04-27 00:00:00,0.0,Monday,4,post,تخيل طعم اللوز المحمص وهو يذوب مع الكراميل، وفي كل لقمة بتفاجئك نكهة الرهايب 😋 #فانيلا_اليوم_وكل_يوم,94,1,1,286.0,1.0,56000.0,Arabic,False,True,0.0,False,False,False,True,False,False,['فانيلا_اليوم_وكل_يوم'],287.0,0.002064748201438849,0.002057554,7.1942e-06,0.4028776978417266,0.005125,287.0,0.0020647482,0.002057554,7.1942e-06,0.4028776978,0.0051071429,1.78571e-05,2026-04-27/2026-05-03,0,0,night,medium,few,few,low,medium,0,0,0,1,0.37583892617449666,low_view_rate
Vanilla Palestine,Cafes/Restaurants,139000.0,2026-03-18 00:00:00,0.0,Wednesday,3,post,بوكس العائلة و الاصحاب 🥰 #عيدالفطرالمبارك #فانيلا_اليوم_وكل_يوم,71,2,1,20.0,0.0,56000.0,Arabic,False,True,0.0,False,True,False,True,False,False,"['عيدالفطرالمبارك', 'فانيلا_اليوم_وكل_يوم']",20.0,0.00014388489208633093,0.0001438849,0.0,0.4028776978417266,0.0003571429,20.0,0.0001438849,0.0001438849,0.0,0.4028776978,0.0003571429,0.0,2026-03-16/2026-03-22,0,0,night,medium,few,few,low,medium,0,0,0,2,0.37583892617449666,low_view_rate
Vanilla Palestine,Cafes/Restaurants,139000.0,2026-03-17 00:00:00,0.0,Tuesday,3,post,لأجمل قلب… أمي ❤️ جهزنالكم تشكيلة قوالب مميزة ليوم الأم الحجز المسبق متاح الآن ✌🥰 #فانيلا_اليوم_وكل_يوم,112,1,3,530.0,5.0,56000.0,Arabic,True,True,0.0,False,False,False,True,False,True,['فانيلا_اليوم_وكل_يوم'],535.0,0.0038489208633093524,0.0038129496,3.59712e-05,0.4028776978417266,0.0095535714,535.0,0.0038489209,0.0038129496,3.59712e-05,0.4028776978,0.0094642857,8.92857e-05,2026-03-16/2026-03-22,0,0,night,medium,few,few,low,medium,0,0,0,1,0.37583892617449666,low_view_rate
Vanilla Palestine,Cafes/Restaurants,139000.0,2026-02-18 00:00:00,0.0,Wednesday,2,post,هذا ما نقدمه لكم.. حلى رمضان النهائي ✌🌙,41,0,2,1000.0,6.0,56000.0,Arabic,False,True,0.0,False,True,False,True,False,False,[],1006.0,0.0072374100719424465,0.0071942446,4.31655e-05,0.4028776978417266,0.0179642857,1006.0,0.0072374101,0.0071942446,4.31655e-05,0.4028776978,0.0178571429,0.0001071429,2026-02-16/2026-02-22,0,0,night,short,none,few,medium,medium,0,0,0,0,0.37583892617449666,low_view_rate
Vanilla Palestine,Cafes/Restaurants,139000.0,2025-12-06 00:00:00,0.0,Saturday,12,post,مزيج غريب وطعم عجيب 🍊❄️,25,0,2,515.0,8.0,56000.0,Arabic,False,False,0.0,False,False,False,True,False,False,[],523.0,0.0037625899280575538,0.003705036,5.7554e-05,0.4028776978417266,0.0093392857,523.0,0.0037625899,0.003705036,5.7554e-05,0.4028776978,0.0091964286,0.0001428571,2025-12-01/2025-12-07,0,0,night,short,none,few,low,medium,0,0,0,0,0.37583892617449666,low_view_rate
Vanilla Palestine,Cafes/Restaurants,139000.0,2025-11-07 00:00:00,0.0,Friday,11,post,٣ مشاريب ديتوكسس زي ما بدكم 😭,30,0,1,42.0,2.0,56000.0,Arabic,False,False,0.0,False,False,False,True,False,False,[],44.0,0.00031654676258992807,0.0003021583,1.43885e-05,0.4028776978417266,0.0007857143,44.0,0.0003165468,0.0003021583,1.43885e-05,0.4028776978,0.00075,3.57143e-05,2025-11-03/2025-11-09,0,0,night,short,none,few,low,medium,0,0,0,0,0.37583892617449666,low_view_rate
Vanilla Palestine,Cafes/Restaurants,139000.0,2025-06-24 00:00:00,0.0,Tuesday,6,post,Vanilla’s most loved French Toast.... فرنش توست المفضلة للجميع🥰 #VANILLA_Today_and_everyday #FrenchToastCup#vanilla,130,2,1,580.0,13.0,56000.0,English,False,True,0.0,False,False,False,False,False,False,"['vanilla_today_and_everyday', 'frenchtoastcup']",593.0,0.004266187050359712,0.0041726619,9.35252e-05,0.4028776978417266,0.0105892857,593.0,0.0042661871,0.0041726619,9.35252e-05,0.4028776978,0.0103571429,0.0002321429,2025-06-23/2025-06-29,0,0,night,medium,few,few,medium,medium,0,0,0,2,0.37583892617449666,low_view_rate
Vanilla Palestine,Cafes/Restaurants,139000.0,2025-06-07 00:00:00,0.0,Saturday,6,post,You Thought You Knew Coffee Right?... Think Again. قهوة الجلي اليابانية لأول مرة فقط في فانيلا #VANILLA_Today_and_everyday #dessert #vanilla_cake #japanese_jelly_coffee,188,4,0,1200.0,31.0,56000.0,English,False,True,0.0,False,False,False,False,False,False,"['vanilla_today_and_everyday', 'dessert', 'vanilla_cake', 'japanese_jelly_coffee']",1231.0,0.008856115107913669,0.0086330935,0.0002230216,0.4028776978417266,0.0219821429,1231.0,0.0088561151,0.0086330935,0.0002230216,0.4028776978,0.0214285714,0.0005535714,2025-06-02/2025-06-08,0,0,night,long,few,none,medium,medium,0,0,1,4,0.37583892617449666,low_view_rate
Vanilla Palestine,Cafes/Restaurants,139000.0,2025-06-02 00:00:00,0.0,Monday,6,post,Like never before ... Premium Matcha is here 🍵😉 كأنك تستحق الانتظار #VANILLA_Today_and_everyday #dessert #vanilla_cake #matcha,145,4,2,1000.0,14.0,56000.0,English,False,True,0.0,False,False,False,False,False,False,"['vanilla_today_and_everyday', 'dessert', 'vanilla_cake', 'matcha']",1014.0,0.007294964028776978,0.0071942446,0.0001007194,0.4028776978417266,0.0181071429,1014.0,0.007294964,0.0071942446,0.0001007194,0.4028776978,0.0178571429,0.00025,2025-06-02/2025-06-08,0,0,night,long,few,few,medium,medium,0,0,0,4,0.37583892617449666,low_view_rate
Vanilla Palestine,Cafes/Restaurants,139000.0,2025-04-28 00:00:00,0.0,Monday,4,post,مشروب جنجر توست مش بس جرب… رح يخرب فيك 😎😭 جربوه بجميع فروع فانيلا 🤩 #VANILLA_Today_and_everyday #ginger_Twist#vanilla #جنجر_توست,155,4,4,1200.0,3.0,56000.0,Arabic,True,True,0.0,False,False,False,True,False,True,"['vanilla_today_and_everyday', 'ginger_twist', 'جنجر_توست']",1203.0,0.008654676258992806,0.0086330935,2.15827e-05,0.4028776978417266,0.0214821429,1203.0,0.0086546763,0.0086330935,2.15827e-05,0.4028776978,0.0214285714,5.35714e-05,2025-04-28/2025-05-04,0,0,night,long,few,many,medium,medium,0,0,0,3,0.37583892617449666,low_view_rate
Vanilla Palestine,Cafes/Restaurants,139000.0,2025-04-23 00:00:00,0.0,Wednesday,4,post,Summer’s calling 📞 Grab your Yafa Refresher at VANILLA! 🍹☀️ #VANILLA_Today_and_everyday,99,1,3,1300.0,0.0,56000.0,English,True,True,0.0,False,False,False,False,False,True,['vanilla_today_and_everyday'],1300.0,0.00935251798561151,0.009352518,0.0,0.4028776978417266,0.0232142857,1300.0,0.009352518,0.009352518,0.0,0.4028776978,0.0232142857,0.0,2025-04-21/2025-04-27,0,0,night,medium,few,few,medium,medium,0,0,0,1,0.37583892617449666,low_view_rate
Vanilla Palestine,Cafes/Restaurants,139000.0,2025-03-21 00:00:00,0.0,Friday,3,post,تناعم عجيب للنكهات اللذيذة.. 🍰 جربوا الآن سان سيبستيان تشيزكيك الجديدة من فانيلا😋 #VANILLA_Today_and_everyday #فانيلا_اليوم_وكل_يوم,146,2,3,4.0,1.0,56000.0,Arabic,True,True,0.0,False,False,False,True,False,True,"['vanilla_today_and_everyday', 'فانيلا_اليوم_وكل_يوم']",5.0,3.597122302158273e-05,2.8777e-05,7.1942e-06,0.4028776978417266,8.92857e-05,5.0,3.59712e-05,2.8777e-05,7.1942e-06,0.4028776978,7.14286e-05,1.78571e-05,2025-03-17/2025-03-23,0,0,night,long,few,few,low,medium,0,0,0,2,0.37583892617449666,low_view_rate
Vanilla Palestine,Cafes/Restaurants,139000.0,2025-03-15 00:00:00,0.0,Saturday,3,post,أمي.. كل عام وأنتِ أجمل نعمة 💜 هذا يومك، نقدّر وجودك بكل لحظة من فانيلا 🎂 الحجوزات عبر رسائل الصفحة 💌,114,0,4,44.0,4.0,56000.0,Arabic,True,True,0.0,False,False,False,True,False,True,[],48.0,0.00034532374100719427,0.0003165468,2.8777e-05,0.4028776978417266,0.0008571429,48.0,0.0003453237,0.0003165468,2.8777e-05,0.4028776978,0.0007857143,7.14286e-05,2025-03-10/2025-03-16,0,0,night,medium,none,many,low,medium,0,0,0,0,0.37583892617449666,low_view_rate
Vanilla Palestine,Cafes/Restaurants,139000.0,2025-03-07 00:00:00,0.0,Friday,3,post,بوفيه الإفطار الرمضاني 🌙 في فانيلا - فرع الطيرة وفرع نابلس ⭐⭐⭐⭐⭐ للحجز: 022961179 #Ramadan2025 #RamadanKareem #VANILLA_Today_and_everyday #فانيلا_اليوم_وكل_يوم,189,4,6,963.0,6.0,56000.0,Arabic,True,True,0.0,True,True,False,True,False,True,"['ramadan2025', 'ramadankareem', 'vanilla_today_and_everyday', 'فانيلا_اليوم_وكل_يوم']",969.0,0.006971223021582734,0.0069280576,4.31655e-05,0.4028776978417266,0.0173035714,969.0,0.006971223,0.0069280576,4.31655e-05,0.4028776978,0.0171964286,0.0001071429,2025-03-03/2025-03-09,0,0,night,long,few,many,medium,medium,0,0,0,4,0.37583892617449666,low_view_rate
Vanilla Palestine,Cafes/Restaurants,139000.0,2026-05-08 00:00:00,0.0,Friday,5,reel,Freshly baked Every Morning 😊 #vanilla #فانيلا_اليوم_وكل_يوم,71,2,1,41.0,0.0,9300.0,English,False,False,0.0,False,False,False,False,False,False,"['vanilla', 'فانيلا_اليوم_وكل_يوم']",41.0,0.0002949640287769784,0.000294964,0.0,0.06690647482014389,0.0044086022,41.0,0.000294964,0.000294964,0.0,0.0669064748,0.0044086022,0.0,2026-05-04/2026-05-10,0,1,night,medium,few,few,low,medium,0,0,0,2,0.062416107382550344,low_view_rate
Vanilla Palestine,Cafes/Restaurants,139000.0,2026-05-05 00:00:00,0.0,Tuesday,5,reel,حاضر و ع بال معايير التوحد ✌🥰 #فانيلا,38,1,2,70.0,1.0,24000.0,Arabic,False,False,0.0,False,False,False,True,False,False,['فانيلا'],71.0,0.0005107913669064748,0.0005035971,7.1942e-06,0.17266187050359713,0.0029583333,71.0,0.0005107914,0.0005035971,7.1942e-06,0.1726618705,0.0029166667,4.16667e-05,2026-05-04/2026-05-10,0,1,night,short,few,few,low,medium,0,0,0,1,0.16107382550335572,low_view_rate
Vanilla Palestine,Cafes/Restaurants,139000.0,2026-05-02 00:00:00,0.0,Saturday,5,reel,سعيدين جدًا توفروا القعدة المثالية والمساحة اللي بتجمعكم في فرع الطيرة. نتطلع دائمًا لاستقبالكم في مساحاتنا الخاصة VIP Space 🥰 #فانيلا_اليوم_وكل_يوم,166,1,1,1000.0,11.0,38000.0,Arabic,True,True,0.0,True,False,False,True,False,True,['فانيلا_اليوم_وكل_يوم'],1011.0,0.007273381294964029,0.0071942446,7.91367e-05,0.2733812949640288,0.0266052632,1011.0,0.0072733813,0.0071942446,7.91367e-05,0.273381295,0.0263157895,0.0002894737,2026-04-27/2026-05-03,0,1,night,long,few,few,medium,medium,0,0,0,1,0.2550335570469799,low_view_rate
Vanilla Palestine,Cafes/Restaurants,139000.0,2026-04-29 00:00:00,0.0,Wednesday,4,reel,فرنش توست فانيلا 😋🔥 #فانيلا_اليوم_وكل_يوم #فرنش_توست,65,2,2,949.0,2.0,71000.0,Arabic,False,True,0.0,False,False,False,True,False,False,"['فانيلا_اليوم_وكل_يوم', 'فرنش_توست']",951.0,0.006841726618705036,0.0068273381,1.43885e-05,0.5107913669064749,0.0133943662,951.0,0.0068417266,0.0068273381,1.43885e-05,0.5107913669,0.0133661972,2.8169e-05,2026-04-27/2026-05-03,0,1,night,medium,few,few,medium,medium,0,0,0,2,0.476510067114094,low_view_rate
Vanilla Palestine,Cafes/Restaurants,139000.0,2026-04-26 00:00:00,0.0,Sunday,4,reel,كارميل كرانش كريم 😋😋😋 كيكة جديدة من فانيلا #فانيلا_اليوم_وكل_يوم,77,1,3,1600.0,3.0,100000.0,Arabic,False,True,0.0,False,False,False,True,False,False,['فانيلا_اليوم_وكل_يوم'],1603.0,0.011532374100719424,0.0115107914,2.15827e-05,0.7194244604316546,0.01603,1603.0,0.0115323741,0.0115107914,2.15827e-05,0.7194244604,0.016,3e-05,2026-04-20/2026-04-26,0,1,night,medium,few,few,high,medium,1,0,0,1,0.6711409395973154,low_view_rate
Vanilla Palestine,Cafes/Restaurants,139000.0,2026-04-23 00:00:00,0.0,Thursday,4,reel,Caramel Crunch Cream 🎂🥳 انعملت خصومي بمناسبة عيد ميلاد ياسمينا #فانيلا_اليوم_وكل_يوم,102,1,3,68.0,2.0,11000.0,English,False,True,0.0,False,False,False,True,False,False,['فانيلا_اليوم_وكل_يوم'],70.0,0.0005035971223021583,0.0004892086,1.43885e-05,0.07913669064748201,0.0063636364,70.0,0.0005035971,0.0004892086,1.43885e-05,0.0791366906,0.0061818182,0.0001818182,2026-04-20/2026-04-26,0,1,night,medium,few,few,low,medium,0,0,0,1,0.07382550335570469,low_view_rate
Vanilla Palestine,Cafes/Restaurants,139000.0,2026-04-20 00:00:00,0.0,Monday,4,reel,ربيع بطريقة فانيلا 🌞🥰 #فانيلا_اليوم_وكل_يوم,52,1,2,918.0,3.0,49000.0,Arabic,False,False,0.0,False,False,False,True,False,False,['فانيلا_اليوم_وكل_يوم'],921.0,0.0066258992805755396,0.0066043165,2.15827e-05,0.35251798561151076,0.0187959184,921.0,0.0066258993,0.0066043165,2.15827e-05,0.3525179856,0.0187346939,6.12245e-05,2026-04-20/2026-04-26,0,1,night,short,few,few,medium,medium,0,0,0,1,0.32885906040268453,low_view_rate
Vanilla Palestine,Cafes/Restaurants,139000.0,2026-04-18 00:00:00,0.0,Saturday,4,reel,مكانكم المفضل ❤️ #فانيلا_اليوم_وكل_يوم,45,1,1,1300.0,2.0,44000.0,Arabic,False,False,0.0,False,False,False,True,False,False,['فانيلا_اليوم_وكل_يوم'],1302.0,0.009366906474820145,0.009352518,1.43885e-05,0.31654676258992803,0.0295909091,1302.0,0.0093669065,0.009352518,1.43885e-05,0.3165467626,0.0295454545,4.54545e-05,2026-04-13/2026-04-19,0,1,night,short,few,few,medium,medium,0,0,0,1,0.29530201342281875,low_view_rate
Vanilla Palestine,Cafes/Restaurants,139000.0,2026-04-15 00:00:00,0.0,Wednesday,4,reel,ربيع، شمس و فانيلا 🌞🌸🥰 #فانيلا_اليوم_وكل_يوم,54,1,3,864.0,1.0,56000.0,Arabic,False,False,0.0,False,False,False,True,False,False,['فانيلا_اليوم_وكل_يوم'],865.0,0.006223021582733813,0.0062158273,7.1942e-06,0.4028776978417266,0.0154464286,865.0,0.0062230216,0.0062158273,7.1942e-06,0.4028776978,0.0154285714,1.78571e-05,2026-04-13/2026-04-19,0,1,night,short,few,few,medium,medium,0,0,0,1,0.37583892617449666,low_view_rate
Vanilla Palestine,Cafes/Restaurants,139000.0,2026-04-12 00:00:00,0.0,Sunday,4,reel,سعيد صباحكم من فانيلا 🌞🥰 #فانيلا_اليوم_وكل_يوم vanilla#,68,1,2,1200.0,2.0,56000.0,Arabic,False,False,0.0,False,False,False,True,False,False,['فانيلا_اليوم_وكل_يوم'],1202.0,0.008647482014388488,0.0086330935,1.43885e-05,0.4028776978417266,0.0214642857,1202.0,0.008647482,0.0086330935,1.43885e-05,0.4028776978,0.0214285714,3.57143e-05,2026-04-06/2026-04-12,0,1,night,medium,few,few,medium,medium,0,0,0,1,0.37583892617449666,low_view_rate
Vanilla Palestine,Cafes/Restaurants,139000.0,2026-04-09 00:00:00,0.0,Thursday,4,reel,٥ مشاريب بمناسبة فصل الربيع 🌸🌸😎 #فانيلا_اليوم_وكل_يوم,66,1,3,1800.0,2.0,67000.0,Arabic,False,True,0.0,False,False,False,True,False,False,['فانيلا_اليوم_وكل_يوم'],1802.0,0.012964028776978418,0.0129496403,1.43885e-05,0.48201438848920863,0.0268955224,1802.0,0.0129640288,0.0129496403,1.43885e-05,0.4820143885,0.0268656716,2.98507e-05,2026-04-06/2026-04-12,0,1,night,medium,few,few,high,medium,1,0,0,1,0.44966442953020136,low_view_rate
Vanilla Palestine,Cafes/Restaurants,139000.0,2026-04-06 00:00:00,0.0,Monday,4,reel,The New Very Chocolate Cake 😊😋😋,38,0,3,1500.0,2.0,98000.0,English,False,True,0.0,False,False,False,False,False,False,[],1502.0,0.010805755395683453,0.0107913669,1.43885e-05,0.7050359712230215,0.0153265306,1502.0,0.0108057554,0.0107913669,1.43885e-05,0.7050359712,0.0153061224,2.04082e-05,2026-04-06/2026-04-12,0,1,night,short,none,few,high,medium,1,0,0,0,0.6577181208053691,low_view_rate
Vanilla Palestine,Cafes/Restaurants,139000.0,2026-04-03 00:00:00,0.0,Friday,4,reel,فانيلا بجانب فيكم فرع الطيرة 🫶🫶 #فانيلا_اليوم_وكل_يوم,63,1,2,1600.0,5.0,56000.0,Arabic,False,False,0.0,True,False,False,True,False,False,['فانيلا_اليوم_وكل_يوم'],1605.0,0.011546762589928058,0.0115107914,3.59712e-05,0.4028776978417266,0.0286607143,1605.0,0.0115467626,0.0115107914,3.59712e-05,0.4028776978,0.0285714286,8.92857e-05,2026-03-30/2026-04-05,0,1,night,medium,few,few,high,medium,1,0,0,1,0.37583892617449666,low_view_rate
Vanilla Palestine,Cafes/Restaurants,139000.0,2026-03-31 00:00:00,0.0,Tuesday,3,reel,اليوم عزة الفلسطينية والكرامة على رؤوسنا ورأس العالم، فانيلا بتقدم لكن المحبة بكل فخر 🥰🙏,96,0,2,811.0,8.0,94000.0,Arabic,False,False,0.0,False,False,True,True,False,False,[],819.0,0.005892086330935252,0.0058345324,5.7554e-05,0.6762589928057554,0.008712766,819.0,0.0058920863,0.0058345324,5.7554e-05,0.6762589928,0.0086276596,8.51064e-05,2026-03-30/2026-04-05,0,1,night,medium,none,few,medium,medium,0,0,0,0,0.6308724832214765,low_view_rate
Vanilla Palestine,Cafes/Restaurants,139000.0,2026-03-28 00:00:00,0.0,Saturday,3,reel,اكبر كمية كوكيز 🍪🥰 #فانيلا_اليوم_وكل_يوم #ramadankareem #كوكيز,74,3,2,109.0,0.0,355000.0,Arabic,False,True,0.0,False,True,False,True,False,False,"['فانيلا_اليوم_وكل_يوم', 'ramadankareem', 'كوكيز']",109.0,0.0007841726618705036,0.0007841727,0.0,2.553956834532374,0.0003070423,109.0,0.0007841727,0.0007841727,0.0,2.5539568345,0.0003070423,0.0,2026-03-23/2026-03-29,0,1,night,medium,few,few,low,medium,0,1,0,3,2.38255033557047,high_view_rate
