business_name,sector,followers_count,post_date,day_of_week,month,post_type,caption_text,caption_length,hashtags_count,emoji_count,likes_count,comments_count,views_count,language,CTA_present,promo_post,mentions_location,religious_theme,patriotic_theme,arabic_dialect_style,sponsored,clean_caption,_clean_text,topic_id,topic_probability,business_label,topic_description
Vanilla Palestine,Cafes/Restaurants,139000,2025-02-05,Wednesday,February,reel,شاركونا إجابتكم بالتعليقات 👇 #فانيلا_اليوم_وكل_يوم #vanilla_today_and_everyday,83,2,1,106,7,15200,Arabic,True,False,False,False,False,True,0,شاركونا اجابتكم بالتعليقات,شاركونا إجابتكم بالتعليقات 👇 #فانيلا_اليوم_وكل_يوم #vanilla_today_and_everyday,-1,0.7540450096130371,Outlier / Mixed Content,Mixed or noisy posts that do not map cleanly to a single strategy theme.
Vanilla Palestine,Cafes/Restaurants,139000,2025-02-04,Tuesday,February,reel,What’s your favorite cake ❤️🍰? #VANILLA_Today_and_everyday,65,1,2,71,0,11000,English,True,False,False,False,False,False,0,what s your favorite cake,What’s your favorite cake ❤️🍰? #VANILLA_Today_and_everyday,0,0.5176379680633545,فانيلا فانيلا_اليوم_وكل_يوم,Keyword-driven content theme detected from BERTopic terms.
Vanilla Palestine,Cafes/Restaurants,139000,2025-02-01,Saturday,February,reel,كل يوم له بداية… وأجمل بداية بطاقة إيجابية #فانيلا_اليوم_وكل_يوم,72,1,0,153,1,12500,Arabic,False,False,False,False,False,True,0,كل يوم له بدايه واجمل بدايه بطاقه ايجابيه,كل يوم له بداية… وأجمل بداية بطاقة إيجابية #فانيلا_اليوم_وكل_يوم,-1,0.7939094305038452,Outlier / Mixed Content,Mixed or noisy posts that do not map cleanly to a single strategy theme.
Vanilla Palestine,Cafes/Restaurants,139000,2025-01-24,Friday,January,reel,ومن أهم فوائدها إنها تذهب الحزن.. التلبينة النبوية.. صحية، فوائدها كثيرة ولذيذة هي طبق تقليدي قديم ذكرها الرسول محمد صلى الله عليه وسلم في أحاديث لها فيها من فوائد وشفاء #فانيلا_اليوم_وكل_يوم #vanilla_today_and_everyday,239,2,0,1313,0,214000,Arabic,False,False,False,True,False,True,0,ومن اهم فوايدها انها تذهب الحزن التلبينه النبويه صحيه، فوايدها كثيره ولذيذه هي طبق تقليدي قديم ذكرها الرسول محمد صلي الله عليه وسلم في احاديث لها فيها من فوايد وشفاء,ومن أهم فوائدها إنها تذهب الحزن.. التلبينة النبوية.. صحية، فوائدها كثيرة ولذيذة هي طبق تقليدي قديم ذكرها الرسول محمد صلى الله عليه وسلم في أحاديث لها فيها من فوائد وشفاء #فانيلا_اليوم_وكل_يوم #vanilla_today_and_everyday,3,0.47491520643234253,Ramadan2025 Ramadankareem,Keyword-driven content theme detected from BERTopic terms.
Vanilla Palestine,Cafes/Restaurants,139000,2023-10-03,Tuesday,October,reel,استمر بالأكل أنت بأمان 😜🤤 #فانيلا_اليوم_وكل_يوم #طعام #وزن #أكل #كيك VANILLA #Today_and_Everyday #Food #Eating #Cake #Desserts,142,10,2,963,5,78200,Mixed,False,False,False,False,False,True,0,استمر بالاكل انت بامان vanilla,استمر بالأكل أنت بأمان 😜🤤 #فانيلا_اليوم_وكل_يوم #طعام #وزن #أكل #كيك VANILLA #Today_and_Everyday #Food #Eating #Cake #Desserts,0,0.620577335357666,فانيلا فانيلا_اليوم_وكل_يوم,Keyword-driven content theme detected from BERTopic terms.
Vanilla Palestine,Cafes/Restaurants,139000,2023-10-01,Sunday,October,reel,شرب القهوة بالليل يؤذي المعدة؟ 🤔 #فانيلا_اليوم_وكل_يوم #قهوة #الليل VANILLA #Today_and_Everyday #Coffee #Night,123,6,1,442,2,37600,Mixed,False,False,False,False,False,True,0,شرب القهوه بالليل يوذي المعده؟ vanilla,شرب القهوة بالليل يؤذي المعدة؟ 🤔 #فانيلا_اليوم_وكل_يوم #قهوة #الليل VANILLA #Today_and_Everyday #Coffee #Night,0,0.4206858277320862,فانيلا فانيلا_اليوم_وكل_يوم,Keyword-driven content theme detected from BERTopic terms.
Vanilla Palestine,Cafes/Restaurants,139000,2023-09-23,Saturday,September,reel,عرفتوا ايش هو الريجيم الصحيح؟ 🤔 #ريجيم #طعام #حلويات #فانيلا_اليوم_وكل_يوم #كيك #قهوة Diet #Food #Desserts #VANILLA #Today_and_Everyday #Cake #Coffee,177,12,1,557,5,103000,Mixed,True,False,False,False,False,True,0,عرفتوا ايش هو الريجيم الصحيح؟ diet,عرفتوا ايش هو الريجيم الصحيح؟ 🤔 #ريجيم #طعام #حلويات #فانيلا_اليوم_وكل_يوم #كيك #قهوة Diet #Food #Desserts #VANILLA #Today_and_Everyday #Cake #Coffee,0,0.7219812870025635,فانيلا فانيلا_اليوم_وكل_يوم,Keyword-driven content theme detected from BERTopic terms.
Vanilla Palestine,Cafes/Restaurants,139000,2023-09-20,Wednesday,September,reel,تنفسنا أم لِجين ستبقى حينين 💕 PS💕,35,0,2,327,1,13100,Arabic,False,False,False,False,False,True,0,تنفسنا ام لجين ستبقي حينين ps,تنفسنا أم لِجين ستبقى حينين 💕 PS💕,1,0.4415754973888397,Vanilla Cake,Keyword-driven content theme detected from BERTopic terms.
Vanilla Palestine,Cafes/Restaurants,139000,2023-09-19,Tuesday,September,reel,مين فيكم تركيزه هيك الصبح؟ 😂 #فانيلا_اليوم_وكل_يوم #قهوة #الصباح VANILLA #Today_and_Everyday #Coffee #Morning,124,6,1,467,9,139000,Mixed,True,False,False,False,False,True,0,مين فيكم تركيزه هيك الصبح؟ vanilla,مين فيكم تركيزه هيك الصبح؟ 😂 #فانيلا_اليوم_وكل_يوم #قهوة #الصباح VANILLA #Today_and_Everyday #Coffee #Morning,0,0.5516462922096252,فانيلا فانيلا_اليوم_وكل_يوم,Keyword-driven content theme detected from BERTopic terms.
Vanilla Palestine,Cafes/Restaurants,139000,2023-09-18,Monday,September,reel,طول بالك! 😂🤭 لما تتعب بالزينة بالاخر يغير رأيه الزبون ويصير بده اياها برا! #فانيلا_اليوم_وكل_يوم #كيك #زينة #قهوة #طول_بالك VANILLA #Today_and_Everyday #Cake #Coffee,201,8,2,885,3,146000,Mixed,False,False,False,False,False,True,0,طول بالك لما تتعب بالزينه بالاخر يغير رايه الزبون ويصير بده اياها برا vanilla,طول بالك! 😂🤭 لما تتعب بالزينة بالاخر يغير رأيه الزبون ويصير بده اياها برا! #فانيلا_اليوم_وكل_يوم #كيك #زينة #قهوة #طول_بالك VANILLA #Today_and_Everyday #Cake #Coffee,2,0.5376561880111694,رمضان النهائي,Keyword-driven content theme detected from BERTopic terms.
Vanilla Palestine,Cafes/Restaurants,139000,2023-09-17,Sunday,September,reel,NEW! 🥳 Mix Berries Cake 🥳 The cake you always dreamed about is now available at all VANILLA Branches 😋😋 #Mixberries #Cake #New #VANILLA #Today_and_Everyday #CakeAndCoffee #كيك #مكس_بيريز #جديد #فانيلا_اليوم_وكل_يوم,260,10,6,1063,0,106000,Mixed,True,True,True,False,False,True,0,new mix berries cake the cake you always dreamed about is now available at all vanilla branches,NEW! 🥳 Mix Berries Cake 🥳 The cake you always dreamed about is now available at all VANILLA Branches 😋😋 #Mixberries #Cake #New #VANILLA #Today_and_Everyday #CakeAndCoffee #كيك #مكس_بيريز #جديد #فانيلا_اليوم_وكل_يوم,0,0.37632811069488525,فانيلا فانيلا_اليوم_وكل_يوم,Keyword-driven content theme detected from BERTopic terms.
Vanilla Palestine,Cafes/Restaurants,139000,2023-09-13,Wednesday,September,reel,جربتوا الطرطقة؟ 🤭🤔 VANILLA® Cake & Coffee . chocolatetriffle #VANILLA #today_and_everyday #Cake #Coffee #فانيلا #كيك #شوكولاتة #قهوة #اليوم_وكل_يوم #Chocolate #triffle,210,11,2,1721,23,140000,Mixed,True,False,False,False,False,True,0,جربتوا الطرطقه؟ vanilla cake coffee chocolatetriffle,جربتوا الطرطقة؟ 🤭🤔 VANILLA® Cake & Coffee . chocolatetriffle #VANILLA #today_and_everyday #Cake #Coffee #فانيلا #كيك #شوكولاتة #قهوة #اليوم_وكل_يوم #Chocolate #triffle,0,0.5441529750823975,فانيلا فانيلا_اليوم_وكل_يوم,Keyword-driven content theme detected from BERTopic terms.
Vanilla Palestine,Cafes/Restaurants,139000,2023-09-12,Tuesday,September,reel,قاعدين على قلوبكم ❤️🥳 #فانيلا_اليوم_وكل_يوم #كيك #قهوة #وينجز #مشاريب VANILLA #Today_and_Everyday #wings #coffee #cake #drinks,156,10,2,1080,7,143000,Mixed,False,False,False,False,False,True,0,قاعدين علي قلوبكم vanilla,قاعدين على قلوبكم ❤️🥳 #فانيلا_اليوم_وكل_يوم #كيك #قهوة #وينجز #مشاريب VANILLA #Today_and_Everyday #wings #coffee #cake #drinks,3,0.8308449983596802,Ramadan2025 Ramadankareem,Keyword-driven content theme detected from BERTopic terms.
Vanilla Palestine,Cafes/Restaurants,139000,2023-09-10,Sunday,September,reel,"Taste Like Home CN, Noodles that will make you crave for more Want some? Get some. ❤️ . بفرع الطيرة فقط، وقرّباً نابلس #Today_and_Everyday #noodles #نودلز #اليوم_وكل_يوم",203,4,1,221,5,33800,Mixed,True,True,True,False,False,True,0,taste like home cn noodles that will make you crave for more want some get some بفرع الطيره فقط، وقربا نابلس,"Taste Like Home CN, Noodles that will make you crave for more Want some? Get some. ❤️ . بفرع الطيرة فقط، وقرّباً نابلس #Today_and_Everyday #noodles #نودلز #اليوم_وكل_يوم",0,0.400090754032135,فانيلا فانيلا_اليوم_وكل_يوم,Keyword-driven content theme detected from BERTopic terms.
Vanilla Palestine,Cafes/Restaurants,139000,2023-09-09,Saturday,September,reel,Rainbow Cake 😋😋 #rainbowcake #Today_and_Everyday #VANILLA #فانيلا #اليوم_وكل_يوم #رينبوكيك,111,6,2,275,4,110000,Mixed,False,False,False,False,False,True,0,rainbow cake,Rainbow Cake 😋😋 #rainbowcake #Today_and_Everyday #VANILLA #فانيلا #اليوم_وكل_يوم #رينبوكيك,0,0.5101331472396851,فانيلا فانيلا_اليوم_وكل_يوم,Keyword-driven content theme detected from BERTopic terms.
Vanilla Palestine,Cafes/Restaurants,139000,2023-09-08,Friday,September,reel,There is no better way to bring people together than with Coffee and Cake! 😋 . #today_and_everyday #desserts #coffee #كيك #اليوم_وكل_يوم #قهوة,169,6,1,129,0,105000,Mixed,False,False,False,False,False,False,0,there is no better way to bring people together than with coffee and cake,There is no better way to bring people together than with Coffee and Cake! 😋 . #today_and_everyday #desserts #coffee #كيك #اليوم_وكل_يوم #قهوة,0,0.5019505023956299,فانيلا فانيلا_اليوم_وكل_يوم,Keyword-driven content theme detected from BERTopic terms.
Vanilla Palestine,Cafes/Restaurants,139000,2023-09-06,Wednesday,September,reel,Orchestrate your mornings to the tune of VANILLA® coffee.. . #today_and_everyday #الصباح #قهوة #فانيلا #اليوم_وكل_يوم #VANILLA #coffee #morning #trending,177,9,0,216,0,132000,Mixed,False,False,False,False,False,False,0,orchestrate your mornings to the tune of vanilla coffee,Orchestrate your mornings to the tune of VANILLA® coffee.. . #today_and_everyday #الصباح #قهوة #فانيلا #اليوم_وكل_يوم #VANILLA #coffee #morning #trending,0,0.5519548654556274,فانيلا فانيلا_اليوم_وكل_يوم,Keyword-driven content theme detected from BERTopic terms.
Vanilla Palestine,Cafes/Restaurants,139000,2023-08-24,Thursday,August,reel,⚠️ اكتشفوا شو الغلط الفادح! اللي صار بالفيديو واكتبوه بالتعليقات لندخل معاً محاولة للسحب مع وحبيبنا شاروما رول 🌯 ومشروب من المشاريب الصيفية الجديدة 🍹 🟢 السحب الصحيح الحاصل على أكبر عدد من اللايكات 🔴 ينتهي السحب في غضون ثلاثة أيام من تاريخ 28/8 😅 شو تستنوا احضروا الفيديو وشاركوه مع أصحابكم 🥳 ملاحظة الجائزة محصورة فقط لطلبة المدرسة، يلي يسي سي سي مي #فانيلا_اليوم_وكل_يوم #مسابقة VANILLA #Today_and_Everyday #competition,510,4,11,453,102,107000,Arabic,True,True,False,False,False,True,0,اكتشفوا شو الغلط الفادح اللي صار بالفيديو واكتبوه بالتعليقات لندخل معا محاوله للسحب مع وحبيبنا شاروما رول ومشروب من المشاريب الصيفيه الجديده السحب الصحيح الحاصل علي اكبر عدد من اللايكات ينتهي السحب في غضون ثلاثه ايام من تاريخ 28 8 شو تستنوا احضروا الفيديو وشاركوه مع اصحابكم ملاحظه الجايزه محصوره فقط لطلبه المدرسه، يلي يسي سي سي مي vanilla,⚠️ اكتشفوا شو الغلط الفادح! اللي صار بالفيديو واكتبوه بالتعليقات لندخل معاً محاولة للسحب مع وحبيبنا شاروما رول 🌯 ومشروب من المشاريب الصيفية الجديدة 🍹 🟢 السحب الصحيح الحاصل على أكبر عدد من اللايكات 🔴 ينتهي السحب في غضون ثلاثة أيام من تاريخ 28/8 😅 شو تستنوا احضروا الفيديو وشاركوه مع أصحابكم 🥳 ملاحظة الجائزة محصورة فقط لطلبة المدرسة، يلي يسي سي سي مي #فانيلا_اليوم_وكل_يوم #مسابقة VANILLA #Today_and_Everyday #competition,2,0.5050015449523926,رمضان النهائي,Keyword-driven content theme detected from BERTopic terms.
Vanilla Palestine,Cafes/Restaurants,139000,2023-08-22,Tuesday,August,reel,"I’m not a vegetarian, I’m a dessertarian! 🤤🍰 #vanilla #desserts #cake #today_and_everyday #فانيلا #كيك #اليوم_وكل_يوم #سعادة",154,8,2,373,0,112000,Mixed,False,False,False,False,False,False,0,i m not a vegetarian i m a dessertarian,"I’m not a vegetarian, I’m a dessertarian! 🤤🍰 #vanilla #desserts #cake #today_and_everyday #فانيلا #كيك #اليوم_وكل_يوم #سعادة",0,0.42535513639450073,فانيلا فانيلا_اليوم_وكل_يوم,Keyword-driven content theme detected from BERTopic terms.
Vanilla Palestine,Cafes/Restaurants,139000,2023-08-21,Monday,August,reel,You can’t buy Happiness but you can buy Ice Cream 😋 . #vanilla #today_and_everyday #icecream #فانيلا #اليوم_وكل_يوم #ايسكريم,146,6,1,481,0,130000,Mixed,False,False,False,False,False,False,0,you can t buy happiness but you can buy ice cream,You can’t buy Happiness but you can buy Ice Cream 😋 . #vanilla #today_and_everyday #icecream #فانيلا #اليوم_وكل_يوم #ايسكريم,0,0.5191869735717773,فانيلا فانيلا_اليوم_وكل_يوم,Keyword-driven content theme detected from BERTopic terms.
Vanilla Palestine,Cafes/Restaurants,139000,2023-08-20,Sunday,August,reel,😋 قطعها..غرفها..غمسها.. فوكاشا من فانيلا صنعت بحب 🥰 Focaccia #FreshlyBaked #yummy #Breakfast #VANILLA #VANILLA_Today_and_everyday #فانيلا #فانيلا_اليوم_وكل_يوم,197,8,2,157,1,108000,Mixed,False,True,False,False,False,True,0,قطعها غرفها غمسها فوكاشا من فانيلا صنعت بحب focaccia,😋 قطعها..غرفها..غمسها.. فوكاشا من فانيلا صنعت بحب 🥰 Focaccia #FreshlyBaked #yummy #Breakfast #VANILLA #VANILLA_Today_and_everyday #فانيلا #فانيلا_اليوم_وكل_يوم,0,0.7604767084121704,فانيلا فانيلا_اليوم_وكل_يوم,Keyword-driven content theme detected from BERTopic terms.
Vanilla Palestine,Cafes/Restaurants,139000,2023-08-16,Wednesday,August,reel,🍓🥛 مع حليب أو مع برتقال 🍊؟ شاركونا كيف بتفضلوها 😋🥰 الميلك بيريز ميلك شيك 🍓 Mixied Berries Milkshake #mixesberries #milkshake ★★★★★ VANILLA #VANILLA_Today_and_everyday #فانيلا #فانيلا_اليوم_وكل_يوم,248,6,6,475,22,308000,Mixed,True,True,False,False,False,True,0,مع حليب او مع برتقال ؟ شاركونا كيف بتفضلوها الميلك بيريز ميلك شيك mixied berries milkshake vanilla,🍓🥛 مع حليب أو مع برتقال 🍊؟ شاركونا كيف بتفضلوها 😋🥰 الميلك بيريز ميلك شيك 🍓 Mixied Berries Milkshake #mixesberries #milkshake ★★★★★ VANILLA #VANILLA_Today_and_everyday #فانيلا #فانيلا_اليوم_وكل_يوم,0,0.41482558846473694,فانيلا فانيلا_اليوم_وكل_يوم,Keyword-driven content theme detected from BERTopic terms.
Vanilla Palestine,Cafes/Restaurants,139000,2023-08-13,Sunday,August,reel,SanSebastian Cheesecake 🤤😋 تنتقل الى عالم آخر بمجرد البدء بسكب الكراميل على سان سيباستيان تشيزكيك 🤤🤍 #سانسيباستيان #cheesecake #sansebastian #VANILLA #Today_and_Everyday #فانيلا_اليوم_وكل_يوم,236,6,5,561,13,136000,Mixed,False,True,False,False,False,True,0,sansebastian cheesecake تنتقل الي عالم اخر بمجرد البدء بسكب الكراميل علي سان سيباستيان تشيزكيك,SanSebastian Cheesecake 🤤😋 تنتقل الى عالم آخر بمجرد البدء بسكب الكراميل على سان سيباستيان تشيزكيك 🤤🤍 #سانسيباستيان #cheesecake #sansebastian #VANILLA #Today_and_Everyday #فانيلا_اليوم_وكل_يوم,0,0.6571282148361206,فانيلا فانيلا_اليوم_وكل_يوم,Keyword-driven content theme detected from BERTopic terms.
Vanilla Palestine,Cafes/Restaurants,139000,2023-08-11,Friday,August,reel,No no no Wait wait wait🤭🤣 إذا كان عن تجربتكم مع فرنش توست فانيلا 😍😋 🍞⏳ بالخبز الفرنسي المصنوع في مخبز فانيلا #فانيلا_اليوم_وكل_يوم #frenchtoast #vanilla #bakery,194,4,7,665,30,137000,Mixed,False,True,False,False,False,True,0,no no no wait wait wait اذا كان عن تجربتكم مع فرنش توست فانيلا بالخبز الفرنسي المصنوع في مخبز فانيلا,No no no Wait wait wait🤭🤣 إذا كان عن تجربتكم مع فرنش توست فانيلا 😍😋 🍞⏳ بالخبز الفرنسي المصنوع في مخبز فانيلا #فانيلا_اليوم_وكل_يوم #frenchtoast #vanilla #bakery,2,0.6070159673690796,رمضان النهائي,Keyword-driven content theme detected from BERTopic terms.
Vanilla Palestine,Cafes/Restaurants,87300,2025-05-08,Thursday,May,reel,The NEW Italiano Pudding Tiramisu 😊😊 فانيلا اليوم وكل يوم... #VANILLA_Today_and_everyday #vanilla #dessert #vanilla_cake,129,4,2,1502,1500,561000,Mixed,False,True,False,False,False,True,0,the new italiano pudding tiramisu فانيلا اليوم وكل يوم,The NEW Italiano Pudding Tiramisu 😊😊 فانيلا اليوم وكل يوم... #VANILLA_Today_and_everyday #vanilla #dessert #vanilla_cake,0,0.5649392604827881,فانيلا فانيلا_اليوم_وكل_يوم,Keyword-driven content theme detected from BERTopic terms.
Vanilla Palestine,Cafes/Restaurants,87300,2025-05-05,Monday,May,reel,فانيلا إلها حكاية... والحكاية بلشت من هون. فانيلا اليوم وكل يوم... #VANILLA_Today_and_everyday #vanilla #dessert #vanilla_cake,132,4,0,2414,2500,591000,Arabic,False,True,True,False,False,True,0,فانيلا الها حكايه والحكايه بلشت من هون فانيلا اليوم وكل يوم,فانيلا إلها حكاية... والحكاية بلشت من هون. فانيلا اليوم وكل يوم... #VANILLA_Today_and_everyday #vanilla #dessert #vanilla_cake,0,0.6591017246246338,فانيلا فانيلا_اليوم_وكل_يوم,Keyword-driven content theme detected from BERTopic terms.
Vanilla Palestine,Cafes/Restaurants,87300,2025-05-04,Sunday,May,reel,هوية فلسطينية مية بالمية 💪 By Palestinian artist @natalienajjarstudio فانيلا اليوم وكل يوم... #VANILLA_Today_and_everyday #vanilla #dessert #vanilla_cake,169,4,1,788,800,201000,Mixed,False,True,False,False,True,True,0,هويه فلسطينيه ميه بالميه by palestinian artist فانيلا اليوم وكل يوم,هوية فلسطينية مية بالمية 💪 By Palestinian artist @natalienajjarstudio فانيلا اليوم وكل يوم... #VANILLA_Today_and_everyday #vanilla #dessert #vanilla_cake,3,0.7290650010108948,Ramadan2025 Ramadankareem,Keyword-driven content theme detected from BERTopic terms.
Vanilla Palestine,Cafes/Restaurants,87300,2025-05-01,Thursday,May,reel,بتشاركوهم ولا بتخلصهم لحالك؟ 🥺 Share it? Or all yours 🥺؟ فانيلا اليوم وكل يوم... #VANILLA_Today_and_everyday #vanilla #dessert #vanilla_cake,154,4,2,678,680,186000,Mixed,True,True,False,False,False,True,0,بتشاركوهم ولا بتخلصهم لحالك؟ share it or all yours ؟ فانيلا اليوم وكل يوم,بتشاركوهم ولا بتخلصهم لحالك؟ 🥺 Share it? Or all yours 🥺؟ فانيلا اليوم وكل يوم... #VANILLA_Today_and_everyday #vanilla #dessert #vanilla_cake,0,0.6010043621063232,فانيلا فانيلا_اليوم_وكل_يوم,Keyword-driven content theme detected from BERTopic terms.
Vanilla Palestine,Cafes/Restaurants,87300,2025-04-28,Monday,April,reel,جنجر تويست 😋 مش بس تبريد.. بصحي كل خلية فيك 🍹😍 جربوه بجميع فروع فانيلا 🤩 فانيلا اليوم وكل يوم... #ginger_Twist #vanilla #جنجر_تويست,149,3,5,356,360,361000,Arabic,True,True,False,False,False,True,0,جنجر تويست مش بس تبريد بصحي كل خليه فيك جربوه بجميع فروع فانيلا فانيلا اليوم وكل يوم,جنجر تويست 😋 مش بس تبريد.. بصحي كل خلية فيك 🍹😍 جربوه بجميع فروع فانيلا 🤩 فانيلا اليوم وكل يوم... #ginger_Twist #vanilla #جنجر_تويست,2,0.5513302087783813,رمضان النهائي,Keyword-driven content theme detected from BERTopic terms.
Vanilla Palestine,Cafes/Restaurants,87300,2025-04-26,Saturday,April,reel,نقطة ضعف... بطعم الفيريرو 🍰😊😋 فانيلا اليوم وكل يوم... #ferraro-cheesecake #vanilla,96,2,3,288,280,370000,Arabic,False,True,False,False,False,True,0,نقطه ضعف بطعم الفيريرو فانيلا اليوم وكل يوم,نقطة ضعف... بطعم الفيريرو 🍰😊😋 فانيلا اليوم وكل يوم... #ferraro-cheesecake #vanilla,0,0.6042832136154175,فانيلا فانيلا_اليوم_وكل_يوم,Keyword-driven content theme detected from BERTopic terms.
Vanilla Palestine,Cafes/Restaurants,87300,2025-04-23,Wednesday,April,reel,المشكلة الوحيدة انها بتخلص بسرعة 😊 فانيلا اليوم وكل يوم... #Macaroons #vanilla,84,2,1,200,200,238000,Arabic,False,True,False,False,False,True,0,المشكله الوحيده انها بتخلص بسرعه فانيلا اليوم وكل يوم,المشكلة الوحيدة انها بتخلص بسرعة 😊 فانيلا اليوم وكل يوم... #Macaroons #vanilla,-1,0.5859803557395935,Outlier / Mixed Content,Mixed or noisy posts that do not map cleanly to a single strategy theme.
Vanilla Palestine,Cafes/Restaurants,87300,2025-04-15,Tuesday,April,reel,POV: You Visit Vanilla To Taste This Famous Cheesecake 😎😊 #cheesecake #sansebastian #todayandeveryday,112,3,2,747,750,1000000,English,False,True,False,False,False,True,0,pov you visit vanilla to taste this famous cheesecake,POV: You Visit Vanilla To Taste This Famous Cheesecake 😎😊 #cheesecake #sansebastian #todayandeveryday,0,0.46950334310531616,فانيلا فانيلا_اليوم_وكل_يوم,Keyword-driven content theme detected from BERTopic terms.
Vanilla Palestine,Cafes/Restaurants,87300,2025-04-08,Tuesday,April,reel,🎉 وصلت تشكيلتنا الجديدة من علب الكيك الصغيرة... نكهات فخمة بحجم لطيف ترضي كل الأذواق 😍✨ كيك دبي بنكهتنا الغنية ✨ كيك الفراولة المنعشة 🍓 بلاك فورست لعشاق الشوكولاتة 🍫 كيك التيراميسو الإيطالية الفاخرة 🤎 كيك الكنافة الشرقية بلمسة عصرية 🥛 علب مثالية للإهداء أو الضيافة 😍💝 #cakebox #vanilla #todayandeveryday #reelsvideo,358,4,11,1611,1600,511000,Arabic,False,True,False,False,False,True,0,وصلت تشكيلتنا الجديده من علب الكيك الصغيره نكهات فخمه بحجم لطيف ترضي كل الاذواق كيك دبي بنكهتنا الغنيه كيك الفراوله المنعشه بلاك فورست لعشاق الشوكولاته كيك التيراميسو الايطاليه الفاخره كيك الكنافه الشرقيه بلمسه عصريه علب مثاليه للاهداء او الضيافه,🎉 وصلت تشكيلتنا الجديدة من علب الكيك الصغيرة... نكهات فخمة بحجم لطيف ترضي كل الأذواق 😍✨ كيك دبي بنكهتنا الغنية ✨ كيك الفراولة المنعشة 🍓 بلاك فورست لعشاق الشوكولاتة 🍫 كيك التيراميسو الإيطالية الفاخرة 🤎 كيك الكنافة الشرقية بلمسة عصرية 🥛 علب مثالية للإهداء أو الضيافة 😍💝 #cakebox #vanilla #todayandeveryday #reelsvideo,2,0.4798516035079956,رمضان النهائي,Keyword-driven content theme detected from BERTopic terms.
Vanilla Palestine,Cafes/Restaurants,87300,2025-03-28,Friday,March,reel,Pure delight in every bite! 😍 Homemade Delicious 😊 Crispy Coco Cake #vanilla_today_and_everyday,103,1,2,1983,2000,1000000,English,False,True,False,False,False,True,0,pure delight in every bite homemade delicious crispy coco cake,Pure delight in every bite! 😍 Homemade Delicious 😊 Crispy Coco Cake #vanilla_today_and_everyday,0,0.5133962631225586,فانيلا فانيلا_اليوم_وكل_يوم,Keyword-driven content theme detected from BERTopic terms.
Vanilla Palestine,Cafes/Restaurants,87300,2025-03-21,Friday,March,reel,تناغم عجيب للنكهات اللذيذة.. 👌🍰 جربوا الآن سان ميسو تشيزكيك الجديدة من فانيلا 😍 #VANILLA_Today_and_everyday #فانيلا_اليوم_وكل_يوم,143,2,4,750,750,702000,Arabic,True,True,False,False,False,True,0,تناغم عجيب للنكهات اللذيذه جربوا الان سان ميسو تشيزكيك الجديده من فانيلا,تناغم عجيب للنكهات اللذيذة.. 👌🍰 جربوا الآن سان ميسو تشيزكيك الجديدة من فانيلا 😍 #VANILLA_Today_and_everyday #فانيلا_اليوم_وكل_يوم,2,0.6033992767333984,رمضان النهائي,Keyword-driven content theme detected from BERTopic terms.
Vanilla Palestine,Cafes/Restaurants,87300,2025-03-17,Monday,March,reel,أمي.. كل عام وانتِ أجمل نعمة 💜🎂 هلا بتقدرو تحجزو كيكة يوم الأم من فانيلا 💌 الحجوزات عبر رسائل الصفحة #mothersday #happymothersday #VANILLA_Today_and_everyday #فانيلا_اليوم_وكل_يوم #يوم_الأم,218,5,4,53,60,68300,Arabic,True,True,False,False,False,True,0,امي كل عام وانت اجمل نعمه هلا بتقدرو تحجزو كيكه يوم الام من فانيلا الحجوزات عبر رسايل الصفحه,أمي.. كل عام وانتِ أجمل نعمة 💜🎂 هلا بتقدرو تحجزو كيكة يوم الأم من فانيلا 💌 الحجوزات عبر رسائل الصفحة #mothersday #happymothersday #VANILLA_Today_and_everyday #فانيلا_اليوم_وكل_يوم #يوم_الأم,3,0.8766191005706787,Ramadan2025 Ramadankareem,Keyword-driven content theme detected from BERTopic terms.
Vanilla Palestine,Cafes/Restaurants,87300,2025-03-17,Monday,March,reel,أمي.. كل عام وانتِ أجمل نعمة 💜🎂 هلا بتقدرو تحجزو كيكة يوم الأم من فانيلا 💌 الحجوزات عبر رسائل الصفحة #mothersday #happymothersday #VANILLA_Today_and_everyday #فانيلا_اليوم_وكل_يوم #يوم_الأم,218,5,4,214,214,162000,Arabic,True,True,False,False,False,True,0,امي كل عام وانت اجمل نعمه هلا بتقدرو تحجزو كيكه يوم الام من فانيلا الحجوزات عبر رسايل الصفحه,أمي.. كل عام وانتِ أجمل نعمة 💜🎂 هلا بتقدرو تحجزو كيكة يوم الأم من فانيلا 💌 الحجوزات عبر رسائل الصفحة #mothersday #happymothersday #VANILLA_Today_and_everyday #فانيلا_اليوم_وكل_يوم #يوم_الأم,3,0.8766191005706787,Ramadan2025 Ramadankareem,Keyword-driven content theme detected from BERTopic terms.
Vanilla Palestine,Cafes/Restaurants,87300,2025-03-17,Monday,March,reel,أمي.. كل عام وانتِ أجمل نعمة 💜🎂 هلا بتقدرو تحجزو كيكة يوم الأم من فانيلا 💌 الحجوزات عبر رسائل الصفحة #mothersday #happymothersday #VANILLA_Today_and_everyday #فانيلا_اليوم_وكل_يوم #يوم_الأم,218,5,4,232,232,240000,Arabic,True,True,False,False,False,True,0,امي كل عام وانت اجمل نعمه هلا بتقدرو تحجزو كيكه يوم الام من فانيلا الحجوزات عبر رسايل الصفحه,أمي.. كل عام وانتِ أجمل نعمة 💜🎂 هلا بتقدرو تحجزو كيكة يوم الأم من فانيلا 💌 الحجوزات عبر رسائل الصفحة #mothersday #happymothersday #VANILLA_Today_and_everyday #فانيلا_اليوم_وكل_يوم #يوم_الأم,3,0.8766191005706787,Ramadan2025 Ramadankareem,Keyword-driven content theme detected from BERTopic terms.
Vanilla Palestine,Cafes/Restaurants,87300,2025-03-12,Wednesday,March,reel,بوفيه الإفطار الرمضاني 🌙 في فانيلا - فرع الطيرة وفرع نابلس ⭐⭐⭐⭐⭐ للحجز: 022961179 أو عبر رسائل الصفحة نستقبل المكالمات يومياً بعد الساعة الواحدة ظهراً #Ramadan2025 #RamadanKareem #VANILLA_Today_and_everyday #فانيلا_اليوم_وكل_يوم,267,4,6,691,691,150000,Arabic,True,True,True,True,False,True,0,بوفيه الافطار الرمضاني في فانيلا فرع الطيره وفرع نابلس للحجز او عبر رسايل الصفحه نستقبل المكالمات يوميا بعد الساعه الواحده ظهرا,بوفيه الإفطار الرمضاني 🌙 في فانيلا - فرع الطيرة وفرع نابلس ⭐⭐⭐⭐⭐ للحجز: 022961179 أو عبر رسائل الصفحة نستقبل المكالمات يومياً بعد الساعة الواحدة ظهراً #Ramadan2025 #RamadanKareem #VANILLA_Today_and_everyday #فانيلا_اليوم_وكل_يوم,4,0.719150722026825,Ramadan Iftar Buffet Promotion,Marketing campaign focused on promoting Ramadan iftar buffet bookings at multiple branches.
Vanilla Palestine,Cafes/Restaurants,87300,2025-03-11,Tuesday,March,reel,العلاج فوراً 🍰🧁 انت عاشق للأكل 😋🤣 #VANILLA_Today_and_everyday #فانيلا_اليوم_وكل_يوم,93,2,5,1206,1200,627000,Arabic,False,True,False,False,False,True,0,العلاج فورا انت عاشق للاكل,العلاج فوراً 🍰🧁 انت عاشق للأكل 😋🤣 #VANILLA_Today_and_everyday #فانيلا_اليوم_وكل_يوم,-1,0.9031192064285278,Outlier / Mixed Content,Mixed or noisy posts that do not map cleanly to a single strategy theme.
Vanilla Palestine,Cafes/Restaurants,87300,2025-03-10,Monday,March,reel,Delicious & Healthy 😍 Homemade Hot Apple Cider 🍏🍋 #vanilla_today_and_everyday,88,1,4,176,180,144000,English,False,True,False,False,False,True,0,delicious healthy homemade hot apple cider,Delicious & Healthy 😍 Homemade Hot Apple Cider 🍏🍋 #vanilla_today_and_everyday,0,0.5837756395339966,فانيلا فانيلا_اليوم_وكل_يوم,Keyword-driven content theme detected from BERTopic terms.
Vanilla Palestine,Cafes/Restaurants,87300,2025-03-07,Friday,March,reel,بوفيه الإفطار الرمضاني 🌙 في فانيلا - فرع الطيرة وفرع نابلس ⭐⭐⭐⭐⭐ للحجز: 022961179 أو عبر رسائل الصفحة نستقبل المكالمات يومياً بعد الساعة الواحدة ظهراً #Ramadan2025 #RamadanKareem #VANILLA_Today_and_everyday #فانيلا_اليوم_وكل_يوم,267,4,6,511,500,149000,Arabic,True,True,True,True,False,True,0,بوفيه الافطار الرمضاني في فانيلا فرع الطيره وفرع نابلس للحجز او عبر رسايل الصفحه نستقبل المكالمات يوميا بعد الساعه الواحده ظهرا,بوفيه الإفطار الرمضاني 🌙 في فانيلا - فرع الطيرة وفرع نابلس ⭐⭐⭐⭐⭐ للحجز: 022961179 أو عبر رسائل الصفحة نستقبل المكالمات يومياً بعد الساعة الواحدة ظهراً #Ramadan2025 #RamadanKareem #VANILLA_Today_and_everyday #فانيلا_اليوم_وكل_يوم,4,0.719150722026825,Ramadan Iftar Buffet Promotion,Marketing campaign focused on promoting Ramadan iftar buffet bookings at multiple branches.
Vanilla Palestine,Cafes/Restaurants,87300,2025-03-04,Tuesday,March,reel,نستقبل حجوزاتكم الآن بوفيه فانيلا الرمضاني فرع الطيرة وفرع نابلس ⭐⭐⭐⭐⭐ للحجز: 022961179 أو عبر رسائل الصفحة 🌙 رمضان مبارك #Ramadan2025 #RamadanKareem #VANILLA_Today_and_everyday #فانيلا_اليوم_وكل_يوم,243,4,6,506,500,36700,Arabic,True,True,True,True,False,True,0,نستقبل حجوزاتكم الان بوفيه فانيلا الرمضاني فرع الطيره وفرع نابلس للحجز او عبر رسايل الصفحه رمضان مبارك,نستقبل حجوزاتكم الآن بوفيه فانيلا الرمضاني فرع الطيرة وفرع نابلس ⭐⭐⭐⭐⭐ للحجز: 022961179 أو عبر رسائل الصفحة 🌙 رمضان مبارك #Ramadan2025 #RamadanKareem #VANILLA_Today_and_everyday #فانيلا_اليوم_وكل_يوم,4,0.7094061970710754,Ramadan Iftar Buffet Promotion,Marketing campaign focused on promoting Ramadan iftar buffet bookings at multiple branches.
Vanilla Palestine,Cafes/Restaurants,87300,2025-03-04,Tuesday,March,reel,Dream Vanilla Cake 😋 creamy and yummy😍 #vanilla_today_and_everyday,76,1,2,560,570,460000,English,False,True,False,False,False,True,0,dream vanilla cake creamy and yummy,Dream Vanilla Cake 😋 creamy and yummy😍 #vanilla_today_and_everyday,0,0.41796278953552246,فانيلا فانيلا_اليوم_وكل_يوم,Keyword-driven content theme detected from BERTopic terms.
Vanilla Palestine,Cafes/Restaurants,87300,2025-03-02,Sunday,March,reel,Ramadan 🌙 Milkshake 😍🌴 #Ramadan2025 #RamadanKareem #VANILLA_Today_and_everyday #فانيلا_اليوم_وكل_يوم,122,4,4,282,290,73800,Mixed,False,True,False,True,False,True,0,ramadan milkshake,Ramadan 🌙 Milkshake 😍🌴 #Ramadan2025 #RamadanKareem #VANILLA_Today_and_everyday #فانيلا_اليوم_وكل_يوم,4,0.7914937734603882,Ramadan Iftar Buffet Promotion,Marketing campaign focused on promoting Ramadan iftar buffet bookings at multiple branches.
Vanilla Palestine,Cafes/Restaurants,87300,2025-03-01,Saturday,March,reel,VANILLA® Today and everyday 🍰☕🧋 😍❤️ #vanilla_today_and_everyday,76,1,6,286,286,97400,English,False,True,True,False,False,True,0,vanilla today and everyday,VANILLA® Today and everyday 🍰☕🧋 😍❤️ #vanilla_today_and_everyday,0,0.6736897230148315,فانيلا فانيلا_اليوم_وكل_يوم,Keyword-driven content theme detected from BERTopic terms.
Vanilla Palestine,Cafes/Restaurants,87300,2025-02-17,Monday,February,reel,تيراميسو إيطاليانو الساخن ✨ لذيذ ومميز 😊 Tiramisu Italiano hot drink #فانيلا_اليوم_وكل_يوم #vanilla_today_and_everyday,139,2,2,1100,1100,399000,Mixed,False,True,False,False,False,True,0,تيراميسو ايطاليانو الساخن لذيذ ومميز tiramisu italiano hot drink,تيراميسو إيطاليانو الساخن ✨ لذيذ ومميز 😊 Tiramisu Italiano hot drink #فانيلا_اليوم_وكل_يوم #vanilla_today_and_everyday,-1,0.6997030973434448,Outlier / Mixed Content,Mixed or noisy posts that do not map cleanly to a single strategy theme.
Vanilla Palestine,Cafes/Restaurants,87300,2025-02-15,Saturday,February,reel,Choose your dessert for tonight 🍰💕 #VANILLA_Today_and_everyday,72,1,2,3308,3300,539000,English,True,True,False,False,False,True,0,choose your dessert for tonight,Choose your dessert for tonight 🍰💕 #VANILLA_Today_and_everyday,0,0.5302393436431885,فانيلا فانيلا_اليوم_وكل_يوم,Keyword-driven content theme detected from BERTopic terms.
Vanilla Palestine,Cafes/Restaurants,139000,2026-01-10,Saturday,January,reel,Perfect Alfajores🤭,19,0,1,541,11,462000,English,False,True,False,False,False,False,0,perfect alfajores,Perfect Alfajores🤭,1,0.4423225522041321,Vanilla Cake,Keyword-driven content theme detected from BERTopic terms.
Vanilla Palestine,Cafes/Restaurants,139000,2026-01-16,Friday,January,reel,#فانيلا_اليوم_وكل_يوم,22,1,0,54,7,198000,Arabic,False,True,False,False,False,True,0,,#فانيلا_اليوم_وكل_يوم,1,0.6028158664703369,Vanilla Cake,Keyword-driven content theme detected from BERTopic terms.
Vanilla Palestine,Cafes/Restaurants,139000,2026-01-20,Tuesday,January,reel,#vanilla_today_and_everyday #vanilla_cake,42,2,0,31,0,41500,English,False,True,False,False,False,False,0,,#vanilla_today_and_everyday #vanilla_cake,0,0.548053503036499,فانيلا فانيلا_اليوم_وكل_يوم,Keyword-driven content theme detected from BERTopic terms.
Vanilla Palestine,Cafes/Restaurants,139000,2026-01-25,Sunday,January,reel,كفوفك كفوفك! #vanillabakery #فانيلا_اليوم_وكل_يوم,57,2,0,23,0,662000,Mixed,False,True,False,False,False,True,0,كفوفك كفوفك,كفوفك كفوفك! #vanillabakery #فانيلا_اليوم_وكل_يوم,0,0.6893182396888733,فانيلا فانيلا_اليوم_وكل_يوم,Keyword-driven content theme detected from BERTopic terms.
Vanilla Palestine,Cafes/Restaurants,139000,2026-01-28,Wednesday,January,reel,Ferrero Cake,12,0,0,515,10,344000,English,False,True,False,False,False,False,0,ferrero cake,Ferrero Cake,0,0.2656536102294922,فانيلا فانيلا_اليوم_وكل_يوم,Keyword-driven content theme detected from BERTopic terms.
Vanilla Palestine,Cafes/Restaurants,139000,2026-02-05,Thursday,February,reel,New year new me 😍😍😍,21,0,3,2155,10,348000,English,False,True,False,False,False,False,0,new year new me,New year new me 😍😍😍,1,0.3817179203033447,Vanilla Cake,Keyword-driven content theme detected from BERTopic terms.
Vanilla Palestine,Cafes/Restaurants,139000,2026-02-08,Sunday,February,reel,Everyday is a Cake Day 😍😍😍 #vanilla_today_and_everyday #فانيلا_اليوم_وكل_يوم,81,2,3,2100,10,132000,Mixed,False,True,False,False,False,True,0,everyday is a cake day,Everyday is a Cake Day 😍😍😍 #vanilla_today_and_everyday #فانيلا_اليوم_وكل_يوم,0,0.6105769872665405,فانيلا فانيلا_اليوم_وكل_يوم,Keyword-driven content theme detected from BERTopic terms.
Vanilla Palestine,Cafes/Restaurants,139000,2026-02-18,Wednesday,February,reel,قريباً في نابلس، افتتاح فرع جديد. #فانيلا_اليوم_وكل_يوم,58,1,0,1652,163,213000,Arabic,True,True,True,False,False,True,0,قريبا في نابلس، افتتاح فرع جديد,قريباً في نابلس، افتتاح فرع جديد. #فانيلا_اليوم_وكل_يوم,1,0.2522294521331787,Vanilla Cake,Keyword-driven content theme detected from BERTopic terms.
Vanilla Palestine,Cafes/Restaurants,139000,2026-02-22,Sunday,February,reel,POV: Vanilla Cookies 😍,23,0,1,812,18,287000,English,False,True,False,False,False,False,0,pov vanilla cookies,POV: Vanilla Cookies 😍,0,0.3440271019935608,فانيلا فانيلا_اليوم_وكل_يوم,Keyword-driven content theme detected from BERTopic terms.
Vanilla Palestine,Cafes/Restaurants,139000,2026-02-25,Wednesday,February,reel,شو رأيكم بالديكور الجديد؟ 🤍,29,0,1,1330,52,179000,Arabic,True,False,False,False,False,True,0,شو رايكم بالديكور الجديد؟,شو رأيكم بالديكور الجديد؟ 🤍,1,0.3545522093772888,Vanilla Cake,Keyword-driven content theme detected from BERTopic terms.
Vanilla Palestine,Cafes/Restaurants,139000,2026-03-02,Monday,March,reel,Freshly baked croissants 🥐,28,0,1,975,21,154000,English,False,True,False,False,False,False,0,freshly baked croissants,Freshly baked croissants 🥐,0,0.23210150003433228,فانيلا فانيلا_اليوم_وكل_يوم,Keyword-driven content theme detected from BERTopic terms.
Vanilla Palestine,Cafes/Restaurants,139000,2026-03-06,Friday,March,reel,رمضان كريم 🌙✨,14,0,2,2450,84,401000,Arabic,False,True,False,True,False,True,0,رمضان كريم,رمضان كريم 🌙✨,5,0.7136034965515137,Ramadan Festive Experience,Showcasing the unique atmosphere and offerings during Ramadan celebrations.
Vanilla Palestine,Cafes/Restaurants,139000,2026-03-09,Monday,March,reel,Chocolate overload 🍫,21,0,1,1442,35,224000,English,False,True,False,False,False,False,0,chocolate overload,Chocolate overload 🍫,0,0.23681855201721191,فانيلا فانيلا_اليوم_وكل_يوم,Keyword-driven content theme detected from BERTopic terms.
Vanilla Palestine,Cafes/Restaurants,139000,2026-03-11,Wednesday,March,reel,Our Ramadan atmosphere ✨,26,0,1,1700,41,267000,English,False,False,True,True,False,False,0,our ramadan atmosphere,Our Ramadan atmosphere ✨,5,0.692825198173523,Ramadan Festive Experience,Showcasing the unique atmosphere and offerings during Ramadan celebrations.
Vanilla Palestine,Cafes/Restaurants,139000,2026-03-14,Saturday,March,reel,مين جاهز للحلويات الرمضانية؟ 😍,31,0,1,1940,73,322000,Arabic,True,True,False,True,False,True,0,مين جاهز للحلويات الرمضانيه؟,مين جاهز للحلويات الرمضانية؟ 😍,1,0.5303881764411926,Vanilla Cake,Keyword-driven content theme detected from BERTopic terms.
Vanilla Palestine,Cafes/Restaurants,139000,2026-03-18,Wednesday,March,reel,"Mini cakes, maximum happiness 🎂",33,0,1,1200,22,164000,English,False,True,False,False,False,False,0,mini cakes maximum happiness,"Mini cakes, maximum happiness 🎂",0,0.3591277599334717,فانيلا فانيلا_اليوم_وكل_يوم,Keyword-driven content theme detected from BERTopic terms.
Vanilla Palestine,Cafes/Restaurants,139000,2026-03-20,Friday,March,reel,فانيلا غير 😍,12,0,1,1110,29,173000,Arabic,False,True,False,False,False,True,0,فانيلا غير,فانيلا غير 😍,1,0.4994724988937378,Vanilla Cake,Keyword-driven content theme detected from BERTopic terms.
Vanilla Palestine,Cafes/Restaurants,139000,2026-03-24,Tuesday,March,reel,Iced coffee season officially started ☕,39,0,1,2080,48,352000,English,False,True,False,False,False,False,0,iced coffee season officially started,Iced coffee season officially started ☕,0,0.18528121709823608,فانيلا فانيلا_اليوم_وكل_يوم,Keyword-driven content theme detected from BERTopic terms.
Vanilla Palestine,Cafes/Restaurants,139000,2026-03-28,Saturday,March,reel,لقمة وبتعشقها 😋,16,0,1,1422,27,211000,Arabic,False,True,False,False,False,True,0,لقمه وبتعشقها,لقمة وبتعشقها 😋,1,0.5154737234115601,Vanilla Cake,Keyword-driven content theme detected from BERTopic terms.
Vanilla Palestine,Cafes/Restaurants,139000,2026-04-01,Wednesday,April,reel,Cheesecake lovers where you at?,33,0,0,1320,31,188000,English,True,True,False,False,False,False,0,cheesecake lovers where you at,Cheesecake lovers where you at?,0,0.24715089797973633,فانيلا فانيلا_اليوم_وكل_يوم,Keyword-driven content theme detected from BERTopic terms.
Vanilla Palestine,Cafes/Restaurants,139000,2026-04-04,Saturday,April,reel,شو طلبكم المفضل من فانيلا؟ 🤍,31,0,1,1540,96,241000,Arabic,True,False,False,False,False,True,0,شو طلبكم المفضل من فانيلا؟,شو طلبكم المفضل من فانيلا؟ 🤍,1,0.44525283575057983,Vanilla Cake,Keyword-driven content theme detected from BERTopic terms.
Vanilla Palestine,Cafes/Restaurants,139000,2026-04-08,Wednesday,April,reel,Behind the scenes 🎥,22,0,1,1180,19,145000,English,False,False,False,False,False,False,0,behind the scenes,Behind the scenes 🎥,1,0.1308731585741043,Vanilla Cake,Keyword-driven content theme detected from BERTopic terms.
Vanilla Palestine,Cafes/Restaurants,139000,2026-04-12,Sunday,April,reel,Fresh cookies every morning 🍪,30,0,1,1265,24,176000,English,False,True,False,False,False,False,0,fresh cookies every morning,Fresh cookies every morning 🍪,0,0.28415119647979736,فانيلا فانيلا_اليوم_وكل_يوم,Keyword-driven content theme detected from BERTopic terms.
Vanilla Palestine,Cafes/Restaurants,139000,2026-04-15,Wednesday,April,reel,صباح الخير من فانيلا ☀️,23,0,1,1470,36,194000,Arabic,False,False,True,False,False,True,0,صباح الخير من فانيلا,صباح الخير من فانيلا ☀️,1,0.4966261386871338,Vanilla Cake,Keyword-driven content theme detected from BERTopic terms.
Vanilla Palestine,Cafes/Restaurants,139000,2025-03-14,Friday,March,reel,اكبر كمية لفرع نابلس 🥰✌️,28,3,2,415,0,971000,Arabic,False,True,True,True,False,True,0,اكبر كميه لفرع نابلس,اكبر كمية لفرع نابلس 🥰✌️,1,0.5887922644615173,Vanilla Cake,Keyword-driven content theme detected from BERTopic terms.
Vanilla Palestine,Cafes/Restaurants,139000,2025-03-12,Wednesday,March,reel,سكوب الكوكيز بفانيلا 😍😋,24,4,2,911,9,197000,Arabic,False,True,False,False,False,True,0,سكوب الكوكيز بفانيلا,سكوب الكوكيز بفانيلا 😍😋,1,0.7115662097930908,Vanilla Cake,Keyword-driven content theme detected from BERTopic terms.
Vanilla Palestine,Cafes/Restaurants,139000,2025-03-12,Wednesday,March,reel,الأجواء بتحلى مع فانيلا,23,0,0,153,0,24200,Arabic,False,False,False,True,False,True,0,الاجواء بتحلي مع فانيلا,الأجواء بتحلى مع فانيلا,1,0.3808908462524414,Vanilla Cake,Keyword-driven content theme detected from BERTopic terms.
Vanilla Palestine,Cafes/Restaurants,139000,2025-03-11,Tuesday,March,reel,من الآن، بتقدرو تحجزوا فطوركم بكرا في فرعنا بوسط البلد 🌙,63,3,1,1454,2,609000,Arabic,True,True,True,True,False,True,0,من الان، بتقدرو تحجزوا فطوركم بكرا في فرعنا بوسط البلد,من الآن، بتقدرو تحجزوا فطوركم بكرا في فرعنا بوسط البلد 🌙,2,0.5415805578231812,رمضان النهائي,Keyword-driven content theme detected from BERTopic terms.
Vanilla Palestine,Cafes/Restaurants,139000,2025-03-09,Sunday,March,reel,بوفيه فانيلا النابلسي 🌙😍,26,3,2,141,4,39600,Arabic,False,True,True,True,False,True,0,بوفيه فانيلا النابلسي,بوفيه فانيلا النابلسي 🌙😍,2,0.7154967784881592,رمضان النهائي,Keyword-driven content theme detected from BERTopic terms.
Vanilla Palestine,Cafes/Restaurants,139000,2025-03-06,Thursday,March,reel,كلكم اتفقتوا على انها أطيب ام علي في فانيلا 😍,48,0,1,431,12,218000,Arabic,False,True,False,True,False,True,0,كلكم اتفقتوا علي انها اطيب ام علي في فانيلا,كلكم اتفقتوا على انها أطيب ام علي في فانيلا 😍,-1,0.8111157417297363,Outlier / Mixed Content,Mixed or noisy posts that do not map cleanly to a single strategy theme.
Vanilla Palestine,Cafes/Restaurants,139000,2025-03-05,Wednesday,March,reel,16 رمضان,9,0,0,308,18,133000,Arabic,False,False,False,True,False,False,0,16 رمضان,16 رمضان,5,0.632559597492218,Ramadan Festive Experience,Showcasing the unique atmosphere and offerings during Ramadan celebrations.
Vanilla Palestine,Cafes/Restaurants,139000,2025-03-02,Sunday,March,reel,رمضان فانيلا 🌙🤍,17,2,2,325,1,652000,Arabic,False,True,True,True,True,True,0,رمضان فانيلا,رمضان فانيلا 🌙🤍,5,0.7148194313049316,Ramadan Festive Experience,Showcasing the unique atmosphere and offerings during Ramadan celebrations.
Vanilla Palestine,Cafes/Restaurants,139000,2025-02-28,Friday,February,reel,اكثر من انه حلو 😍,18,2,1,2630,6,652000,Arabic,False,True,False,True,False,True,0,اكثر من انه حلو,اكثر من انه حلو 😍,1,0.40682658553123474,Vanilla Cake,Keyword-driven content theme detected from BERTopic terms.
Vanilla Palestine,Cafes/Restaurants,139000,2025-02-24,Monday,February,reel,طبقات من القشطة و التمر الفاخر 🌙😍,37,2,2,1475,2,566000,Arabic,False,True,False,True,False,True,0,طبقات من القشطه و التمر الفاخر,طبقات من القشطة و التمر الفاخر 🌙😍,2,0.7683491706848145,رمضان النهائي,Keyword-driven content theme detected from BERTopic terms.
Vanilla Palestine,Cafes/Restaurants,139000,2025-02-23,Sunday,February,reel,بعد الإفطار في فانيلا 🌙🤍✌️,30,3,3,2898,4,82600,Arabic,False,False,True,True,False,True,0,بعد الافطار في فانيلا,بعد الإفطار في فانيلا 🌙🤍✌️,1,0.653712272644043,Vanilla Cake,Keyword-driven content theme detected from BERTopic terms.
Vanilla Palestine,Cafes/Restaurants,139000,2025-02-21,Friday,February,reel,نستقبلكم على البوفيه فانيلا في فرعنا نابلس و الطيرة 🥳,58,3,1,259,1,956000,Arabic,True,True,True,True,False,True,0,نستقبلكم علي البوفيه فانيلا في فرعنا نابلس و الطيره,نستقبلكم على البوفيه فانيلا في فرعنا نابلس و الطيرة 🥳,1,0.38347333669662476,Vanilla Cake,Keyword-driven content theme detected from BERTopic terms.
Vanilla Palestine,Cafes/Restaurants,139000,2025-02-18,Tuesday,February,reel,انتظرونا في خامس ايام من رمضان على البوفيه الرمضاني ❤️,58,1,1,1653,8,213000,Arabic,True,True,True,True,False,True,0,انتظرونا في خامس ايام من رمضان علي البوفيه الرمضاني,انتظرونا في خامس ايام من رمضان على البوفيه الرمضاني ❤️,5,0.7002803087234497,Ramadan Festive Experience,Showcasing the unique atmosphere and offerings during Ramadan celebrations.
Vanilla Palestine,Cafes/Restaurants,139000,2025-02-08,Saturday,February,reel,Everyday Is a Cake Day 🍰😊😊 #vanilla_today_and_everyday #فانيلا_اليوم_وكل_يوم,89,2,3,2101,8,132000,Mixed,False,True,False,False,False,False,0,everyday is a cake day,Everyday Is a Cake Day 🍰😊😊 #vanilla_today_and_everyday #فانيلا_اليوم_وكل_يوم,0,0.6209704875946045,فانيلا فانيلا_اليوم_وكل_يوم,Keyword-driven content theme detected from BERTopic terms.
Vanilla Palestine,Cafes/Restaurants,139000,2025-02-05,Wednesday,February,reel,New year new me 😲😲😲,23,0,3,18600,725,662000,English,False,False,False,False,False,False,1,new year new me,New year new me 😲😲😲,1,0.3918260335922241,Vanilla Cake,Keyword-driven content theme detected from BERTopic terms.
Vanilla Palestine,Cafes/Restaurants,139000,2025-01-28,Tuesday,January,reel,الآن .. عرفنا وين راح,22,0,0,516,29,41500,Arabic,False,False,False,False,False,True,0,الان عرفنا وين راح,الآن .. عرفنا وين راح,1,0.3939664959907532,Vanilla Cake,Keyword-driven content theme detected from BERTopic terms.
Vanilla Palestine,Cafes/Restaurants,139000,2025-01-25,Saturday,January,reel,كعك القدس كل اشي منعمله فيه 🤗😍,33,2,2,4218,34,198000,Arabic,False,True,True,False,True,True,0,كعك القدس كل اشي منعمله فيه,كعك القدس كل اشي منعمله فيه 🤗😍,2,0.6646312475204468,رمضان النهائي,Keyword-driven content theme detected from BERTopic terms.
Vanilla Palestine,Cafes/Restaurants,139000,2025-01-20,Monday,January,reel,فيريرو كيك 🍫,13,2,1,316,5,344000,Arabic,False,True,False,False,False,True,0,فيريرو كيك,فيريرو كيك 🍫,1,0.5394110083580017,Vanilla Cake,Keyword-driven content theme detected from BERTopic terms.
Vanilla Palestine,Cafes/Restaurants,139000,2025-01-16,Thursday,January,reel,💗 لكم,6,2,1,633,21,348000,Arabic,False,False,False,False,False,True,0,لكم,💗 لكم,1,0.51750248670578,Vanilla Cake,Keyword-driven content theme detected from BERTopic terms.
Vanilla Palestine,Cafes/Restaurants,139000,2025-01-10,Friday,January,reel,Perfect Alfajores🤭,19,0,1,541,11,462000,English,False,True,False,False,False,False,0,perfect alfajores,Perfect Alfajores🤭,1,0.4423225522041321,Vanilla Cake,Keyword-driven content theme detected from BERTopic terms.
Vanilla Palestine,Cafes/Restaurants,139000,2025-01-08,Wednesday,January,reel,نابلس الجميلة 🫶✌️,18,0,2,854,19,355000,Arabic,False,False,True,False,False,True,0,نابلس الجميله,نابلس الجميلة 🫶✌️,1,0.4977814257144928,Vanilla Cake,Keyword-driven content theme detected from BERTopic terms.
Vanilla Palestine,Cafes/Restaurants,139000,2025-01-06,Monday,January,reel,"Your favorite cake is freshly prepared here.
كل ما تحب يصنع هنا 🥰",69,0,1,945,48,152000,Mixed,False,True,False,False,False,True,0,your favorite cake is freshly prepared here كل ما تحب يصنع هنا,Your favorite cake is freshly prepared here. كل ما تحب يصنع هنا 🥰,0,0.32836800813674927,فانيلا فانيلا_اليوم_وكل_يوم,Keyword-driven content theme detected from BERTopic terms.
Vanilla Palestine,Cafes/Restaurants,139000,2025-01-04,Saturday,January,reel,📍 AlIrsal branch Vibes,24,0,1,843,10,548000,English,False,False,True,False,False,False,0,alirsal branch vibes,📍 AlIrsal branch Vibes,1,0.17904110252857208,Vanilla Cake,Keyword-driven content theme detected from BERTopic terms.
Vanilla Palestine,Cafes/Restaurants,139000,1777248000000,Monday,April,post,تخيل طعم اللوز المحمص وهو يذوب مع الكراميل، وفي كل لقمة بتفاجئك نكهة الرهايب 😋 #فانيلا_اليوم_وكل_يوم,94,1,1,286,1,56000,Arabic,False,True,False,False,False,True,0,تخيل طعم اللوز المحمص وهو يذوب مع الكراميل، وفي كل لقمه بتفاجيك نكهه الرهايب,تخيل طعم اللوز المحمص وهو يذوب مع الكراميل، وفي كل لقمة بتفاجئك نكهة الرهايب 😋 #فانيلا_اليوم_وكل_يوم,0,0.5271221995353699,فانيلا فانيلا_اليوم_وكل_يوم,Keyword-driven content theme detected from BERTopic terms.
Vanilla Palestine,Cafes/Restaurants,139000,1773792000000,Wednesday,March,post,بوكس العائلة و الاصحاب 🥰 #عيدالفطرالمبارك #فانيلا_اليوم_وكل_يوم,71,2,1,20,0,56000,Arabic,False,True,False,True,False,True,0,بوكس العايله و الاصحاب,بوكس العائلة و الاصحاب 🥰 #عيدالفطرالمبارك #فانيلا_اليوم_وكل_يوم,2,0.6493474245071411,رمضان النهائي,Keyword-driven content theme detected from BERTopic terms.
Vanilla Palestine,Cafes/Restaurants,139000,1773705600000,Tuesday,March,post,لأجمل قلب… أمي ❤️ جهزنالكم تشكيلة قوالب مميزة ليوم الأم الحجز المسبق متاح الآن ✌🥰 #فانيلا_اليوم_وكل_يوم,112,1,3,530,5,56000,Arabic,True,True,False,False,False,True,0,لاجمل قلب امي جهزنالكم تشكيله قوالب مميزه ليوم الام الحجز المسبق متاح الان,لأجمل قلب… أمي ❤️ جهزنالكم تشكيلة قوالب مميزة ليوم الأم الحجز المسبق متاح الآن ✌🥰 #فانيلا_اليوم_وكل_يوم,3,0.5047454833984375,Ramadan2025 Ramadankareem,Keyword-driven content theme detected from BERTopic terms.
Vanilla Palestine,Cafes/Restaurants,139000,1771372800000,Wednesday,February,post,هذا ما نقدمه لكم.. حلى رمضان النهائي ✌🌙,41,0,2,1000,6,56000,Arabic,False,True,False,True,False,True,0,هذا ما نقدمه لكم حلي رمضان النهايي,هذا ما نقدمه لكم.. حلى رمضان النهائي ✌🌙,5,0.7607455253601074,Ramadan Festive Experience,Showcasing the unique atmosphere and offerings during Ramadan celebrations.
Vanilla Palestine,Cafes/Restaurants,139000,1764979200000,Saturday,December,post,مزيج غريب وطعم عجيب 🍊❄️,25,0,2,515,8,56000,Arabic,False,False,False,False,False,True,0,مزيج غريب وطعم عجيب,مزيج غريب وطعم عجيب 🍊❄️,0,0.5024901032447815,فانيلا فانيلا_اليوم_وكل_يوم,Keyword-driven content theme detected from BERTopic terms.
Vanilla Palestine,Cafes/Restaurants,139000,1762473600000,Friday,November,post,٣ مشاريب ديتوكسس زي ما بدكم 😭,30,0,1,42,2,56000,Arabic,False,False,False,False,False,True,0,٣ مشاريب ديتوكسس زي ما بدكم,٣ مشاريب ديتوكسس زي ما بدكم 😭,1,0.4017733335494995,Vanilla Cake,Keyword-driven content theme detected from BERTopic terms.
Vanilla Palestine,Cafes/Restaurants,139000,1750723200000,Tuesday,June,post,Vanilla’s most loved French Toast.... فرنش توست المفضلة للجميع🥰 #VANILLA_Today_and_everyday #FrenchToastCup#vanilla,130,2,1,580,13,56000,English,False,True,False,False,False,False,0,vanilla s most loved french toast فرنش توست المفضله للجميع,Vanilla’s most loved French Toast.... فرنش توست المفضلة للجميع🥰 #VANILLA_Today_and_everyday #FrenchToastCup#vanilla,0,0.6283420920372009,فانيلا فانيلا_اليوم_وكل_يوم,Keyword-driven content theme detected from BERTopic terms.
Vanilla Palestine,Cafes/Restaurants,139000,1749254400000,Saturday,June,post,You Thought You Knew Coffee Right?... Think Again. قهوة الجلي اليابانية لأول مرة فقط في فانيلا #VANILLA_Today_and_everyday #dessert #vanilla_cake #japanese_jelly_coffee,188,4,0,1200,31,56000,English,False,True,False,False,False,False,0,you thought you knew coffee right think again قهوه الجلي اليابانيه لاول مره فقط في فانيلا,You Thought You Knew Coffee Right?... Think Again. قهوة الجلي اليابانية لأول مرة فقط في فانيلا #VANILLA_Today_and_everyday #dessert #vanilla_cake #japanese_jelly_coffee,0,0.4331210255622864,فانيلا فانيلا_اليوم_وكل_يوم,Keyword-driven content theme detected from BERTopic terms.
Vanilla Palestine,Cafes/Restaurants,139000,1748822400000,Monday,June,post,Like never before ... Premium Matcha is here 🍵😉 كأنك تستحق الانتظار #VANILLA_Today_and_everyday #dessert #vanilla_cake #matcha,145,4,2,1000,14,56000,English,False,True,False,False,False,False,0,like never before premium matcha is here كانك تستحق الانتظار,Like never before ... Premium Matcha is here 🍵😉 كأنك تستحق الانتظار #VANILLA_Today_and_everyday #dessert #vanilla_cake #matcha,0,0.6033233404159546,فانيلا فانيلا_اليوم_وكل_يوم,Keyword-driven content theme detected from BERTopic terms.
Vanilla Palestine,Cafes/Restaurants,139000,1745798400000,Monday,April,post,مشروب جنجر توست مش بس جرب… رح يخرب فيك 😎😭 جربوه بجميع فروع فانيلا 🤩 #VANILLA_Today_and_everyday #ginger_Twist#vanilla #جنجر_توست,155,4,4,1200,3,56000,Arabic,True,True,False,False,False,True,0,مشروب جنجر توست مش بس جرب رح يخرب فيك جربوه بجميع فروع فانيلا,مشروب جنجر توست مش بس جرب… رح يخرب فيك 😎😭 جربوه بجميع فروع فانيلا 🤩 #VANILLA_Today_and_everyday #ginger_Twist#vanilla #جنجر_توست,2,0.6575459837913513,رمضان النهائي,Keyword-driven content theme detected from BERTopic terms.
Vanilla Palestine,Cafes/Restaurants,139000,1745366400000,Wednesday,April,post,Summer’s calling 📞 Grab your Yafa Refresher at VANILLA! 🍹☀️ #VANILLA_Today_and_everyday,99,1,3,1300,0,56000,English,True,True,False,False,False,False,0,summer s calling grab your yafa refresher at vanilla,Summer’s calling 📞 Grab your Yafa Refresher at VANILLA! 🍹☀️ #VANILLA_Today_and_everyday,1,0.5021846890449524,Vanilla Cake,Keyword-driven content theme detected from BERTopic terms.
Vanilla Palestine,Cafes/Restaurants,139000,1742515200000,Friday,March,post,تناعم عجيب للنكهات اللذيذة.. 🍰 جربوا الآن سان سيبستيان تشيزكيك الجديدة من فانيلا😋 #VANILLA_Today_and_everyday #فانيلا_اليوم_وكل_يوم,146,2,3,4,1,56000,Arabic,True,True,False,False,False,True,0,تناعم عجيب للنكهات اللذيذه جربوا الان سان سيبستيان تشيزكيك الجديده من فانيلا,تناعم عجيب للنكهات اللذيذة.. 🍰 جربوا الآن سان سيبستيان تشيزكيك الجديدة من فانيلا😋 #VANILLA_Today_and_everyday #فانيلا_اليوم_وكل_يوم,2,0.5980782508850098,رمضان النهائي,Keyword-driven content theme detected from BERTopic terms.
Vanilla Palestine,Cafes/Restaurants,139000,1741996800000,Saturday,March,post,أمي.. كل عام وأنتِ أجمل نعمة 💜 هذا يومك، نقدّر وجودك بكل لحظة من فانيلا 🎂 الحجوزات عبر رسائل الصفحة 💌,114,0,4,44,4,56000,Arabic,True,True,False,False,False,True,0,امي كل عام وانت اجمل نعمه هذا يومك، نقدر وجودك بكل لحظه من فانيلا الحجوزات عبر رسايل الصفحه,أمي.. كل عام وأنتِ أجمل نعمة 💜 هذا يومك، نقدّر وجودك بكل لحظة من فانيلا 🎂 الحجوزات عبر رسائل الصفحة 💌,3,0.8115319013595581,Ramadan2025 Ramadankareem,Keyword-driven content theme detected from BERTopic terms.
Vanilla Palestine,Cafes/Restaurants,139000,1741305600000,Friday,March,post,بوفيه الإفطار الرمضاني 🌙 في فانيلا - فرع الطيرة وفرع نابلس ⭐⭐⭐⭐⭐ للحجز: 022961179 #Ramadan2025 #RamadanKareem #VANILLA_Today_and_everyday #فانيلا_اليوم_وكل_يوم,189,4,6,963,6,56000,Arabic,True,True,True,True,False,True,0,بوفيه الافطار الرمضاني في فانيلا فرع الطيره وفرع نابلس للحجز,بوفيه الإفطار الرمضاني 🌙 في فانيلا - فرع الطيرة وفرع نابلس ⭐⭐⭐⭐⭐ للحجز: 022961179 #Ramadan2025 #RamadanKareem #VANILLA_Today_and_everyday #فانيلا_اليوم_وكل_يوم,4,0.7894808053970337,Ramadan Iftar Buffet Promotion,Marketing campaign focused on promoting Ramadan iftar buffet bookings at multiple branches.
Vanilla Palestine,Cafes/Restaurants,139000,1778198400000,Friday,May,reel,Freshly baked Every Morning 😊 #vanilla #فانيلا_اليوم_وكل_يوم,71,2,1,41,0,9300,English,False,False,False,False,False,False,0,freshly baked every morning,Freshly baked Every Morning 😊 #vanilla #فانيلا_اليوم_وكل_يوم,0,0.5440179705619812,فانيلا فانيلا_اليوم_وكل_يوم,Keyword-driven content theme detected from BERTopic terms.
Vanilla Palestine,Cafes/Restaurants,139000,1777939200000,Tuesday,May,reel,حاضر و ع بال معايير التوحد ✌🥰 #فانيلا,38,1,2,70,1,24000,Arabic,False,False,False,False,False,True,0,حاضر و ع بال معايير التوحد,حاضر و ع بال معايير التوحد ✌🥰 #فانيلا,2,0.7810544967651367,رمضان النهائي,Keyword-driven content theme detected from BERTopic terms.
Vanilla Palestine,Cafes/Restaurants,139000,1777680000000,Saturday,May,reel,سعيدين جدًا توفروا القعدة المثالية والمساحة اللي بتجمعكم في فرع الطيرة. نتطلع دائمًا لاستقبالكم في مساحاتنا الخاصة VIP Space 🥰 #فانيلا_اليوم_وكل_يوم,166,1,1,1000,11,38000,Arabic,True,True,True,False,False,True,0,سعيدين جدا توفروا القعده المثاليه والمساحه اللي بتجمعكم في فرع الطيره نتطلع دايما لاستقبالكم في مساحاتنا الخاصه vip space,سعيدين جدًا توفروا القعدة المثالية والمساحة اللي بتجمعكم في فرع الطيرة. نتطلع دائمًا لاستقبالكم في مساحاتنا الخاصة VIP Space 🥰 #فانيلا_اليوم_وكل_يوم,1,0.30188268423080444,Vanilla Cake,Keyword-driven content theme detected from BERTopic terms.
Vanilla Palestine,Cafes/Restaurants,139000,1777420800000,Wednesday,April,reel,فرنش توست فانيلا 😋🔥 #فانيلا_اليوم_وكل_يوم #فرنش_توست,65,2,2,949,2,71000,Arabic,False,True,False,False,False,True,0,فرنش توست فانيلا,فرنش توست فانيلا 😋🔥 #فانيلا_اليوم_وكل_يوم #فرنش_توست,-1,0.8527935743331909,Outlier / Mixed Content,Mixed or noisy posts that do not map cleanly to a single strategy theme.
Vanilla Palestine,Cafes/Restaurants,139000,1777161600000,Sunday,April,reel,كارميل كرانش كريم 😋😋😋 كيكة جديدة من فانيلا #فانيلا_اليوم_وكل_يوم,77,1,3,1600,3,100000,Arabic,False,True,False,False,False,True,0,كارميل كرانش كريم كيكه جديده من فانيلا,كارميل كرانش كريم 😋😋😋 كيكة جديدة من فانيلا #فانيلا_اليوم_وكل_يوم,0,0.6806140542030334,فانيلا فانيلا_اليوم_وكل_يوم,Keyword-driven content theme detected from BERTopic terms.
Vanilla Palestine,Cafes/Restaurants,139000,1776902400000,Thursday,April,reel,Caramel Crunch Cream 🎂🥳 انعملت خصومي بمناسبة عيد ميلاد ياسمينا #فانيلا_اليوم_وكل_يوم,102,1,3,68,2,11000,English,False,True,False,False,False,True,0,caramel crunch cream انعملت خصومي بمناسبه عيد ميلاد ياسمينا,Caramel Crunch Cream 🎂🥳 انعملت خصومي بمناسبة عيد ميلاد ياسمينا #فانيلا_اليوم_وكل_يوم,0,0.6041125059127808,فانيلا فانيلا_اليوم_وكل_يوم,Keyword-driven content theme detected from BERTopic terms.
Vanilla Palestine,Cafes/Restaurants,139000,1776643200000,Monday,April,reel,ربيع بطريقة فانيلا 🌞🥰 #فانيلا_اليوم_وكل_يوم,52,1,2,918,3,49000,Arabic,False,False,False,False,False,True,0,ربيع بطريقه فانيلا,ربيع بطريقة فانيلا 🌞🥰 #فانيلا_اليوم_وكل_يوم,1,0.5772449970245361,Vanilla Cake,Keyword-driven content theme detected from BERTopic terms.
Vanilla Palestine,Cafes/Restaurants,139000,1776470400000,Saturday,April,reel,مكانكم المفضل ❤️ #فانيلا_اليوم_وكل_يوم,45,1,1,1300,2,44000,Arabic,False,False,False,False,False,True,0,مكانكم المفضل,مكانكم المفضل ❤️ #فانيلا_اليوم_وكل_يوم,1,0.563724160194397,Vanilla Cake,Keyword-driven content theme detected from BERTopic terms.
Vanilla Palestine,Cafes/Restaurants,139000,1776211200000,Wednesday,April,reel,ربيع، شمس و فانيلا 🌞🌸🥰 #فانيلا_اليوم_وكل_يوم,54,1,3,864,1,56000,Arabic,False,False,False,False,False,True,0,ربيع، شمس و فانيلا,ربيع، شمس و فانيلا 🌞🌸🥰 #فانيلا_اليوم_وكل_يوم,1,0.5802310109138489,Vanilla Cake,Keyword-driven content theme detected from BERTopic terms.
Vanilla Palestine,Cafes/Restaurants,139000,1775952000000,Sunday,April,reel,سعيد صباحكم من فانيلا 🌞🥰 #فانيلا_اليوم_وكل_يوم vanilla#,68,1,2,1200,2,56000,Arabic,False,False,False,False,False,True,0,سعيد صباحكم من فانيلا vanilla,سعيد صباحكم من فانيلا 🌞🥰 #فانيلا_اليوم_وكل_يوم vanilla#,0,0.5869907140731812,فانيلا فانيلا_اليوم_وكل_يوم,Keyword-driven content theme detected from BERTopic terms.
Vanilla Palestine,Cafes/Restaurants,139000,1775692800000,Thursday,April,reel,٥ مشاريب بمناسبة فصل الربيع 🌸🌸😎 #فانيلا_اليوم_وكل_يوم,66,1,3,1800,2,67000,Arabic,False,True,False,False,False,True,0,٥ مشاريب بمناسبه فصل الربيع,٥ مشاريب بمناسبة فصل الربيع 🌸🌸😎 #فانيلا_اليوم_وكل_يوم,1,0.465545654296875,Vanilla Cake,Keyword-driven content theme detected from BERTopic terms.
Vanilla Palestine,Cafes/Restaurants,139000,1775433600000,Monday,April,reel,The New Very Chocolate Cake 😊😋😋,38,0,3,1500,2,98000,English,False,True,False,False,False,False,0,the new very chocolate cake,The New Very Chocolate Cake 😊😋😋,0,0.2852865159511566,فانيلا فانيلا_اليوم_وكل_يوم,Keyword-driven content theme detected from BERTopic terms.
Vanilla Palestine,Cafes/Restaurants,139000,1775174400000,Friday,April,reel,فانيلا بجانب فيكم فرع الطيرة 🫶🫶 #فانيلا_اليوم_وكل_يوم,63,1,2,1600,5,56000,Arabic,False,False,True,False,False,True,0,فانيلا بجانب فيكم فرع الطيره,فانيلا بجانب فيكم فرع الطيرة 🫶🫶 #فانيلا_اليوم_وكل_يوم,1,0.5309680700302124,Vanilla Cake,Keyword-driven content theme detected from BERTopic terms.
Vanilla Palestine,Cafes/Restaurants,139000,1774915200000,Tuesday,March,reel,اليوم عزة الفلسطينية والكرامة على رؤوسنا ورأس العالم، فانيلا بتقدم لكن المحبة بكل فخر 🥰🙏,96,0,2,811,8,94000,Arabic,False,False,False,False,True,True,0,اليوم عزه الفلسطينيه والكرامه علي رووسنا وراس العالم، فانيلا بتقدم لكن المحبه بكل فخر,اليوم عزة الفلسطينية والكرامة على رؤوسنا ورأس العالم، فانيلا بتقدم لكن المحبة بكل فخر 🥰🙏,2,0.5570124387741089,رمضان النهائي,Keyword-driven content theme detected from BERTopic terms.
Vanilla Palestine,Cafes/Restaurants,139000,1774656000000,Saturday,March,reel,اكبر كمية كوكيز 🍪🥰 #فانيلا_اليوم_وكل_يوم #ramadankareem #كوكيز,74,3,2,109,0,355000,Arabic,False,True,False,True,False,True,0,اكبر كميه كوكيز,اكبر كمية كوكيز 🍪🥰 #فانيلا_اليوم_وكل_يوم #ramadankareem #كوكيز,4,0.7458727359771729,Ramadan Iftar Buffet Promotion,Marketing campaign focused on promoting Ramadan iftar buffet bookings at multiple branches.
